z	kind	Muv	our_phi	inst_phi	ratio
6.0	dust	-28.000000	8.291762500370e-19	5.971495374218e-20	1.388557133640e+01
6.0	dust	-27.954887	1.149170240887e-18	8.551895878944e-20	1.343760795447e+01
6.0	dust	-27.909774	1.592655653705e-18	1.224733815253e-19	1.300409635033e+01
6.0	dust	-27.864662	2.207290043746e-18	1.753965365640e-19	1.258457029418e+01
6.0	dust	-27.819549	3.059122871844e-18	2.511888269560e-19	1.217857859729e+01
6.0	dust	-27.774436	4.239693270739e-18	3.597324555179e-19	1.178568462675e+01
6.0	dust	-27.729323	5.875866966768e-18	5.151799191118e-19	1.140546583589e+01
6.0	dust	-27.684211	8.143469446112e-18	7.377992866223e-19	1.103751330988e+01
6.0	dust	-27.639098	1.128618040450e-17	1.056616857813e-18	1.068143132588e+01
6.0	dust	-27.593985	1.564171990399e-17	1.513201767009e-18	1.033683692751e+01
6.0	dust	-27.548872	2.167814023756e-17	2.167085988406e-18	1.000335951298e+01
6.0	dust	-27.503759	3.004412347514e-17	3.103526432186e-18	9.680640436492e+00
6.0	dust	-27.458647	4.163868973528e-17	4.444621194917e-18	9.368332622562e+00
6.0	dust	-27.413534	5.770780712925e-17	6.365229360201e-18	9.066100192723e+00
6.0	dust	-27.368421	7.997828521595e-17	9.115770058042e-18	8.773618104309e+00
6.0	dust	-27.323308	1.108433403432e-16	1.305487344583e-17	8.490571800876e+00
6.0	dust	-27.278195	1.536197739831e-16	1.869614081986e-17	8.216656873910e+00
6.0	dust	-27.233083	2.129044008016e-16	2.677511068999e-17	7.951578735441e+00
6.0	dust	-27.187970	2.950680287141e-16	3.834516221123e-17	7.695052301219e+00
6.0	dust	-27.142857	4.089400747069e-16	5.491486037274e-17	7.446801684121e+00
6.0	dust	-27.097744	5.667573861868e-16	7.864465074225e-17	7.206559897434e+00
6.0	dust	-27.052632	7.854792295117e-16	1.126285498750e-16	6.974068567724e+00
6.0	dust	-27.007519	1.088609756188e-15	1.612975596843e-16	6.749077656961e+00
6.0	dust	-26.962406	1.508723791466e-15	2.309974050894e-16	6.531345193606e+00
6.0	dust	-26.917293	2.090967370078e-15	3.308159234553e-16	6.320637012384e+00
6.0	dust	-26.872180	2.897909191503e-15	4.737679852689e-16	6.116726502441e+00
6.0	dust	-26.827068	4.016264338876e-15	6.784924423268e-16	5.919394363632e+00
6.0	dust	-26.781955	5.566212801638e-15	9.716823605827e-16	5.728428370666e+00
6.0	dust	-26.736842	7.714314183262e-15	1.391565404369e-15	5.543623144873e+00
6.0	dust	-26.691729	1.069140642639e-14	1.992888163035e-15	5.364779933312e+00
6.0	dust	-26.646617	1.481741197710e-14	2.854054303088e-15	5.191706395029e+00
6.0	dust	-26.601504	2.053571709306e-14	4.087347256139e-15	5.024216394194e+00
6.0	dust	-26.556391	2.846081874337e-14	5.853570331228e-15	4.862129799916e+00
6.0	dust	-26.511278	3.944435930200e-14	8.383013107381e-15	4.705272292521e+00
6.0	dust	-26.466165	5.466664521406e-14	1.200547781644e-14	4.553475176074e+00
6.0	dust	-26.421053	7.576348435727e-14	1.719328071599e-14	4.406575196951e+00
6.0	dust	-26.375940	1.050019722168e-13	2.462283520061e-14	4.264414368263e+00
6.0	dust	-26.330827	1.455241170989e-13	3.526284618575e-14	4.126839799950e+00
6.0	dust	-26.285714	2.016844846845e-13	5.050061501809e-14	3.993703534347e+00
6.0	dust	-26.240602	2.795181456748e-13	7.232292321986e-14	3.864862387062e+00
6.0	dust	-26.195489	3.873892128277e-13	1.035750796538e-13	3.740177792984e+00
6.0	dust	-26.150376	5.368896600719e-13	1.483319070592e-13	3.619515657261e+00
6.0	dust	-26.105263	7.440850120428e-13	2.124290391603e-13	3.502746211084e+00
6.0	dust	-26.060150	1.031240767558e-12	3.042238016973e-13	3.389743872126e+00
6.0	dust	-26.015038	1.429215080888e-12	4.356848851034e-13	3.280387109479e+00
6.0	dust	-25.969925	1.980774821649e-12	6.239528861598e-13	3.174558312952e+00
6.0	dust	-25.924812	2.745191361710e-12	8.935751903691e-13	3.072143666585e+00
6.0	dust	-25.879699	3.804609958709e-12	1.279706590921e-12	2.973033026242e+00
6.0	dust	-25.834586	5.272877198948e-12	1.832692958016e-12	2.877119801156e+00
6.0	dust	-25.789474	7.307775108862e-12	2.624635601779e-12	2.784300839290e+00
6.0	dust	-25.744361	1.012797662960e-11	3.758792225392e-12	2.694476316404e+00
6.0	dust	-25.699248	1.403654451344e-11	5.383040214838e-12	2.607549628693e+00
6.0	dust	-25.654135	1.945349886590e-11	7.709157680708e-12	2.523427288896e+00
6.0	dust	-25.609023	2.696095308665e-11	1.104043621710e-11	2.442018825750e+00
6.0	dust	-25.563910	3.736566857980e-11	1.581122567630e-11	2.363236686691e+00
6.0	dust	-25.518797	5.178575044909e-11	2.264356701774e-11	2.286996143696e+00
6.0	dust	-25.473684	7.177080061738e-11	3.242829732392e-11	2.213215202157e+00
6.0	dust	-25.428571	9.946844019039e-11	4.644120188771e-11	2.141814512701e+00
6.0	dust	-25.383459	1.378550957883e-10	6.650935789910e-11	2.072717285850e+00
6.0	dust	-25.338346	1.910558504629e-10	9.524935850811e-11	2.005849209437e+00
6.0	dust	-25.293233	2.647877308225e-10	1.364084781870e-10	1.941138368684e+00
6.0	dust	-25.248120	3.669740666107e-10	1.953532623498e-10	1.878515168862e+00
6.0	dust	-25.203008	5.085959426688e-10	2.797692461490e-10	1.817912260442e+00
6.0	dust	-25.157895	7.048722414861e-10	4.006630355147e-10	1.759264466662e+00
6.0	dust	-25.112782	9.768950853412e-10	5.737974071046e-10	1.702508713434e+00
6.0	dust	-25.067669	1.353896424907e-09	8.217465431443e-10	1.647583961505e+00
6.0	dust	-25.022556	1.876389345059e-09	1.176839373634e-09	1.594431140815e+00
6.0	dust	-24.977444	2.600521656960e-09	1.685374794563e-09	1.542993086968e+00
6.0	dust	-24.932331	3.604109619428e-09	2.413658364758e-09	1.493214479750e+00
6.0	dust	-24.887218	4.995000181632e-09	3.456647578071e-09	1.445041783640e+00
6.0	dust	-24.842105	6.922660365270e-09	4.950332927577e-09	1.398423190227e+00
6.0	dust	-24.796992	9.594239197249e-09	7.089469070934e-09	1.353308562496e+00
6.0	dust	-24.751880	1.329682823035e-08	1.015296798075e-08	1.309649380906e+00
6.0	dust	-24.706767	1.842831279817e-08	1.454026497424e-08	1.267398691208e+00
6.0	dust	-24.661654	2.554012932288e-08	2.082339921904e-08	1.226511053946e+00
6.0	dust	-24.616541	3.271571150162e-08	2.702685905962e-08	1.210488848499e+00
6.0	dust	-24.571429	3.859155732426e-08	3.164562841904e-08	1.219490945582e+00
6.0	dust	-24.526316	4.552272374200e-08	3.705372480859e-08	1.228559988966e+00
6.0	dust	-24.481203	5.369874968969e-08	4.338604068817e-08	1.237696476515e+00
6.0	dust	-24.436090	6.334321589759e-08	5.080052103584e-08	1.246900909794e+00
6.0	dust	-24.390977	7.471985890612e-08	5.948210292019e-08	1.256173794097e+00
6.0	dust	-24.345865	8.813978317705e-08	6.964732832783e-08	1.265515638478e+00
6.0	dust	-24.300752	1.039699685228e-07	8.154974530259e-08	1.274926955774e+00
6.0	dust	-24.255639	1.226433054971e-07	9.548623211525e-08	1.284408262639e+00
6.0	dust	-24.210526	1.446704331738e-07	1.118044022055e-07	1.293960079567e+00
6.0	dust	-24.165414	1.706537030281e-07	1.309112745955e-07	1.303582930923e+00
6.0	dust	-24.120301	2.013036507758e-07	1.532834260383e-07	1.313277344973e+00
6.0	dust	-24.075188	2.374584266068e-07	1.794788781228e-07	1.323043853909e+00
6.0	dust	-24.030075	2.801067151503e-07	2.101510158325e-07	1.332882993883e+00
6.0	dust	-23.984962	3.304147719391e-07	2.460648847226e-07	1.342795305033e+00
6.0	dust	-23.939850	3.897583157082e-07	2.881162732127e-07	1.352781331516e+00
6.0	dust	-23.894737	4.542802865403e-07	3.314664141842e-07	1.370516791749e+00
6.0	dust	-23.849624	5.285231710808e-07	3.803239476681e-07	1.389665768673e+00
6.0	dust	-23.804511	6.148995469221e-07	4.363829907950e-07	1.409082296727e+00
6.0	dust	-23.759398	7.153923867364e-07	5.007050327039e-07	1.428770114159e+00
6.0	dust	-23.714286	8.323087397969e-07	5.745080240600e-07	1.448733011447e+00
6.0	dust	-23.669173	9.683326957148e-07	6.591894391931e-07	1.468974832030e+00
6.0	dust	-23.624060	1.126587004023e-06	7.563527375527e-07	1.489499473048e+00
6.0	dust	-23.578947	1.310704764231e-06	8.678377255311e-07	1.510310886093e+00
6.0	dust	-23.533835	1.524912832159e-06	9.957553935640e-07	1.531413077966e+00
6.0	dust	-23.488722	1.774128857346e-06	1.142527888154e-06	1.552810111455e+00
6.0	dust	-23.443609	2.064074179250e-06	1.310934375699e-06	1.574506106112e+00
6.0	dust	-23.398496	2.401405174042e-06	1.504163666556e-06	1.596505239048e+00
6.0	dust	-23.353383	2.793866067357e-06	1.725874595806e-06	1.618811745736e+00
6.0	dust	-23.308271	3.250466721196e-06	1.980265304020e-06	1.641429920828e+00
6.0	dust	-23.263158	3.781689476474e-06	2.272152729888e-06	1.664364118982e+00
6.0	dust	-23.218045	4.377601698780e-06	2.605117946510e-06	1.680385221961e+00
6.0	dust	-23.172932	4.990696986365e-06	2.980136332717e-06	1.674653918203e+00
6.0	dust	-23.127820	5.689657973372e-06	3.409140293812e-06	1.668942162251e+00
6.0	dust	-23.082707	6.486510389710e-06	3.899901294883e-06	1.663249887432e+00
6.0	dust	-23.037594	7.394964202195e-06	4.461309538197e-06	1.657577027301e+00
6.0	dust	-22.992481	8.430649496608e-06	5.103535010416e-06	1.651923515642e+00
6.0	dust	-22.947368	9.611385395693e-06	5.838211713296e-06	1.646289286461e+00
6.0	dust	-22.902256	1.095748663987e-05	6.678648415208e-06	1.640674273993e+00
6.0	dust	-22.857143	1.249211310544e-05	7.640069741282e-06	1.635078412694e+00
6.0	dust	-22.812030	1.424166827376e-05	8.739891969570e-06	1.629501637245e+00
6.0	dust	-22.766917	1.623625350713e-05	9.998038529285e-06	1.623943882550e+00
6.0	dust	-22.721805	1.851018594736e-05	1.143730091643e-05	1.618405083735e+00
6.0	dust	-22.676692	2.110258894734e-05	1.308375156485e-05	1.612885176147e+00
6.0	dust	-22.631579	2.405806519431e-05	1.496721615192e-05	1.607384095354e+00
6.0	dust	-22.586466	2.742746410585e-05	1.712181389472e-05	1.601901777142e+00
6.0	dust	-22.541353	3.126875670184e-05	1.958657562436e-05	1.596438157518e+00
6.0	dust	-22.496241	3.467928641754e-05	2.189854829474e-05	1.583634035954e+00
6.0	dust	-22.451128	3.783999225559e-05	2.415375457617e-05	1.566629822965e+00
6.0	dust	-22.406015	4.128876807509e-05	2.664121165812e-05	1.549808192095e+00
6.0	dust	-22.360902	4.505186887047e-05	2.938483772262e-05	1.533167182876e+00
6.0	dust	-22.315789	4.915794254337e-05	3.241101414851e-05	1.516704855890e+00
6.0	dust	-22.270677	5.363824799466e-05	3.574883918200e-05	1.500419292542e+00
6.0	dust	-22.225564	5.852689309360e-05	3.943040773129e-05	1.484308594840e+00
6.0	dust	-22.180451	6.386109433571e-05	4.349111997568e-05	1.468370885170e+00
6.0	dust	-22.135338	6.968146016623e-05	4.797002175653e-05	1.452604306079e+00
6.0	dust	-22.090226	7.603230012585e-05	5.291018002316e-05	1.437007020059e+00
6.0	dust	-22.045113	8.296196217238e-05	5.835909694376e-05	1.421577209331e+00
6.0	dust	-22.000000	9.052320074625e-05	6.436916666320e-05	1.406313075636e+00
6.0	dust	-21.954887	9.877357838185e-05	7.099817909979e-05	1.391212840023e+00
6.0	dust	-21.909774	1.077759039222e-04	7.830987562509e-05	1.376274742641e+00
6.0	dust	-21.864662	1.175987106728e-04	8.637456197007e-05	1.361497042538e+00
6.0	dust	-21.819549	1.282928834573e-04	9.524578233431e-05	1.346966556556e+00
6.0	dust	-21.774436	1.368402948820e-04	1.018736890387e-04	1.343234903666e+00
6.0	dust	-21.729323	1.459571708014e-04	1.089628145625e-04	1.339513588993e+00
6.0	dust	-21.684211	1.556814513351e-04	1.165452539259e-04	1.335802583897e+00
6.0	dust	-21.639098	1.660536043329e-04	1.246553355581e-04	1.332101859816e+00
6.0	dust	-21.593985	1.771167937830e-04	1.333297767149e-04	1.328411388266e+00
6.0	dust	-21.548872	1.889170594398e-04	1.426078497101e-04	1.324731140845e+00
6.0	dust	-21.503759	2.015035084201e-04	1.525315597162e-04	1.321061089227e+00
6.0	dust	-21.458647	2.149285195631e-04	1.631458349365e-04	1.317401205166e+00
6.0	dust	-21.413534	2.292479614066e-04	1.744987300114e-04	1.313751460492e+00
6.0	dust	-21.368421	2.445214246853e-04	1.866416435789e-04	1.310111827117e+00
6.0	dust	-21.323308	2.608124703194e-04	1.996295509747e-04	1.306482277028e+00
6.0	dust	-21.278195	2.781888939247e-04	2.135212531254e-04	1.302862782289e+00
6.0	dust	-21.233083	2.967230079463e-04	2.283796427615e-04	1.299253315043e+00
6.0	dust	-21.187970	3.164919425881e-04	2.442719891553e-04	1.295653847511e+00
6.0	dust	-21.142857	3.375779667929e-04	2.612702426730e-04	1.292064351987e+00
6.0	dust	-21.097744	3.590950175713e-04	2.786913625514e-04	1.288504294801e+00
6.0	dust	-21.052632	3.803559324143e-04	2.960003590710e-04	1.284984699370e+00
6.0	dust	-21.007519	4.028756408295e-04	3.143843848193e-04	1.281474717840e+00
6.0	dust	-20.962406	4.267286721245e-04	3.339102078404e-04	1.277974323949e+00
6.0	dust	-20.917293	4.519939682582e-04	3.546487430159e-04	1.274483491509e+00
6.0	dust	-20.872180	4.787551451012e-04	3.766753096176e-04	1.271002194403e+00
6.0	dust	-20.827068	5.071007691633e-04	4.000699048556e-04	1.267530406583e+00
6.0	dust	-20.781955	5.371246507055e-04	4.249174944161e-04	1.264068102076e+00
6.0	dust	-20.736842	5.689261542071e-04	4.513083210448e-04	1.260615254977e+00
6.0	dust	-20.691729	6.026105272133e-04	4.793382322940e-04	1.257171839453e+00
6.0	dust	-20.646617	6.382892486537e-04	5.091090286278e-04	1.253737829742e+00
6.0	dust	-20.601504	6.760803977835e-04	5.407288331455e-04	1.250313200150e+00
6.0	dust	-20.556391	7.161090449686e-04	5.743124842688e-04	1.246897925056e+00
6.0	dust	-20.511278	7.585076656076e-04	6.099819528178e-04	1.243491978908e+00
6.0	dust	-20.466165	8.034165785613e-04	6.478667849909e-04	1.240095336223e+00
6.0	dust	-20.421053	8.509844105399e-04	6.881045728575e-04	1.236707971589e+00
6.0	dust	-20.375940	8.957993722542e-04	7.249625844940e-04	1.235649109918e+00
6.0	dust	-20.330827	9.412103931823e-04	7.619334742629e-04	1.235292089106e+00
6.0	dust	-20.285714	9.889234483445e-04	8.007897671126e-04	1.234935171450e+00
6.0	dust	-20.240602	1.039055235439e-03	8.416276128736e-04	1.234578356919e+00
6.0	dust	-20.195489	1.091728367954e-03	8.845480647252e-04	1.234221645484e+00
6.0	dust	-20.150376	1.147071675062e-03	9.296573292524e-04	1.233865037114e+00
6.0	dust	-20.105263	1.205220516706e-03	9.770670292532e-04	1.233508531781e+00
6.0	dust	-20.060150	1.266317114675e-03	1.026894479949e-03	1.233152129455e+00
6.0	dust	-20.015038	1.330510900446e-03	1.079262979282e-03	1.232795830105e+00
6.0	dust	-19.969925	1.397958880671e-03	1.134302113014e-03	1.232439633702e+00
6.0	dust	-19.924812	1.468826021186e-03	1.192148075388e-03	1.232083540216e+00
6.0	dust	-19.879699	1.543285650489e-03	1.252944006138e-03	1.231727549618e+00
6.0	dust	-19.834586	1.621519883670e-03	1.316840344692e-03	1.231371661877e+00
6.0	dust	-19.789474	1.703720067833e-03	1.383995202430e-03	1.231015876964e+00
6.0	dust	-19.744361	1.790087250098e-03	1.454574753932e-03	1.230660194850e+00
6.0	dust	-19.699248	1.880538273553e-03	1.528555686129e-03	1.230271353944e+00
6.0	dust	-19.654135	1.973778466999e-03	1.605101113158e-03	1.229691046140e+00
6.0	dust	-19.609023	2.071641663230e-03	1.685479702729e-03	1.229111012062e+00
6.0	dust	-19.563910	2.174357078357e-03	1.769883407981e-03	1.228531251580e+00
6.0	dust	-19.518797	2.282165293409e-03	1.858513794486e-03	1.227951764566e+00
6.0	dust	-19.473684	2.395318817816e-03	1.951582521604e-03	1.227372550891e+00
6.0	dust	-19.428571	2.514082680844e-03	2.049311847957e-03	1.226793610426e+00
6.0	dust	-19.383459	2.638735052347e-03	2.151935162202e-03	1.226214943041e+00
6.0	dust	-19.338346	2.769567894303e-03	2.259697540389e-03	1.225636548609e+00
6.0	dust	-19.293233	2.906887644642e-03	2.372856331237e-03	1.225058427000e+00
6.0	dust	-19.248120	3.051015934997e-03	2.491681770703e-03	1.224480578086e+00
6.0	dust	-19.203008	3.202290344025e-03	2.616457627343e-03	1.223903001738e+00
6.0	dust	-19.157895	3.361065188094e-03	2.747481879979e-03	1.223325697827e+00
6.0	dust	-19.112782	3.527712351160e-03	2.885067429309e-03	1.222748666226e+00
6.0	dust	-19.067669	3.702622155800e-03	3.029542845146e-03	1.222171906805e+00
6.0	dust	-19.022556	3.886204277430e-03	3.181253151083e-03	1.221595419436e+00
6.0	dust	-18.977444	4.064170183862e-03	3.329775834787e-03	1.220553690553e+00
6.0	dust	-18.932331	4.236560242532e-03	3.475163040262e-03	1.219096828968e+00
6.0	dust	-18.887218	4.416262576767e-03	3.626898252500e-03	1.217641706305e+00
6.0	dust	-18.842105	4.603587351634e-03	3.785258643000e-03	1.216188320486e+00
6.0	dust	-18.796992	4.798857888481e-03	3.950533485335e-03	1.214736669438e+00
6.0	dust	-18.751880	5.002411222991e-03	4.123024683562e-03	1.213286751092e+00
6.0	dust	-18.706767	5.214598686904e-03	4.303047323701e-03	1.211838563379e+00
6.0	dust	-18.661654	5.435786514408e-03	4.490930249298e-03	1.210392104232e+00
6.0	dust	-18.616541	5.666356474263e-03	4.687016662115e-03	1.208947371590e+00
6.0	dust	-18.571429	5.906706528727e-03	4.891664749053e-03	1.207504363391e+00
6.0	dust	-18.526316	6.157251520439e-03	5.105248336439e-03	1.206063077577e+00
6.0	dust	-18.481203	6.418423888434e-03	5.328157572892e-03	1.204623512091e+00
6.0	dust	-18.436090	6.690674414529e-03	5.560799641996e-03	1.203185664882e+00
6.0	dust	-18.390977	6.974473001370e-03	5.803599506092e-03	1.201749533897e+00
6.0	dust	-18.345865	7.270309483482e-03	6.057000682553e-03	1.200315117088e+00
6.0	dust	-18.300752	7.578694472718e-03	6.321466053945e-03	1.198882412409e+00
6.0	dust	-18.255639	7.890545291774e-03	6.582232886787e-03	1.198764222945e+00
6.0	dust	-18.210526	8.214210555568e-03	6.852143718892e-03	1.198779665540e+00
6.0	dust	-18.165414	8.551152367321e-03	7.133122505982e-03	1.198795108334e+00
6.0	dust	-18.120301	8.901915322778e-03	7.425623100265e-03	1.198810551327e+00
6.0	dust	-18.075188	9.267066356665e-03	7.730117964602e-03	1.198825994519e+00
6.0	dust	-18.030075	9.647195659016e-03	8.047098935647e-03	1.198841437910e+00
6.0	dust	-17.984962	9.968403886850e-03	8.314613516443e-03	1.198901652751e+00
6.0	dust	-17.939850	1.028715364866e-02	8.580395120778e-03	1.198913745097e+00
6.0	dust	-17.894737	1.061609575539e-02	8.854672593389e-03	1.198925837564e+00
6.0	dust	-17.849624	1.095555611753e-02	9.137717509797e-03	1.198937930154e+00
6.0	dust	-17.804511	1.130587106690e-02	9.429810126599e-03	1.198950022866e+00
6.0	dust	-17.759398	1.166738768988e-02	9.731239658960e-03	1.198962115699e+00
6.0	dust	-17.714286	1.204046417126e-02	1.004230456698e-02	1.198974208655e+00
6.0	dust	-17.669173	1.242547014918e-02	1.036331285122e-02	1.198986301732e+00
6.0	dust	-17.624060	1.282821811022e-02	1.069585890121e-02	1.199363064594e+00
6.0	dust	-17.578947	1.324816625872e-02	1.104004985778e-02	1.200009640300e+00
6.0	dust	-17.533835	1.368186194767e-02	1.139531682195e-02	1.200656564574e+00
6.0	dust	-17.488722	1.412975522042e-02	1.176201621782e-02	1.201303837604e+00
6.0	dust	-17.443609	1.459231085306e-02	1.214051593912e-02	1.201951459579e+00
6.0	dust	-17.398496	1.507000883671e-02	1.253119571836e-02	1.202599430686e+00
6.0	dust	-17.353383	1.556334487562e-02	1.293444750777e-02	1.203247751114e+00
6.0	dust	-17.308271	1.607283090157e-02	1.335067587255e-02	1.203896421051e+00
6.0	dust	-17.263158	1.659899560505e-02	1.378029839673e-02	1.204545440685e+00
6.0	dust	-17.218045	1.714238498395e-02	1.422374610212e-02	1.205194810205e+00
6.0	dust	-17.172932	1.770356291007e-02	1.468146388075e-02	1.205844529800e+00
6.0	dust	-17.127820	1.828311171427e-02	1.515391094121e-02	1.206494599659e+00
6.0	dust	-17.082707	1.888163279080e-02	1.564156126932e-02	1.207145019969e+00
6.0	dust	-17.037594	1.949974722126e-02	1.614490410370e-02	1.207795790921e+00
6.0	dust	-16.992481	2.013809641921e-02	1.666444442659e-02	1.208446912702e+00
6.0	dust	-16.947368	2.079734279566e-02	1.720070347047e-02	1.209098385503e+00
6.0	dust	-16.902256	2.147817044653e-02	1.775421924099e-02	1.209750209513e+00
6.0	dust	-16.857143	2.218128586245e-02	1.832554705675e-02	1.210402384920e+00
6.0	dust	-16.812030	2.290741866197e-02	1.891526010638e-02	1.211054911915e+00
6.0	dust	-16.766917	2.365732234862e-02	1.952395002365e-02	1.211707790686e+00
6.0	dust	-16.721805	2.438656539674e-02	2.013330220381e-02	1.211255120987e+00
6.0	dust	-16.676692	2.511036697543e-02	2.074997179997e-02	1.210139812116e+00
6.0	dust	-16.631579	2.585565123185e-02	2.138552957389e-02	1.209025530208e+00
6.0	dust	-16.586466	2.662305577920e-02	2.204055405783e-02	1.207912274317e+00
6.0	dust	-16.541353	2.741323715526e-02	2.271564150411e-02	1.206800043499e+00
6.0	dust	-16.496241	2.822687138408e-02	2.341140642787e-02	1.205688836809e+00
6.0	dust	-16.451128	2.906465455431e-02	2.412848216643e-02	1.204578653304e+00
6.0	dust	-16.406015	2.992730341479e-02	2.486752145581e-02	1.203469492043e+00
6.0	dust	-16.360902	3.081555598768e-02	2.562919702490e-02	1.202361352084e+00
6.0	dust	-16.315789	3.173017219990e-02	2.641420220782e-02	1.201254232486e+00
6.0	dust	-16.270677	3.267193453325e-02	2.722325157506e-02	1.200148132311e+00
6.0	dust	-16.225564	3.364164869386e-02	2.805708158392e-02	1.199043050619e+00
6.0	dust	-16.180451	3.464014430152e-02	2.891645124890e-02	1.197938986473e+00
6.0	dust	-16.135338	3.566827559937e-02	2.980214283261e-02	1.196835938936e+00
6.0	dust	-16.090226	3.672692218481e-02	3.071496255782e-02	1.195733907071e+00
6.0	dust	-16.045113	3.781698976199e-02	3.165574134140e-02	1.194632889944e+00
6.0	dust	-16.000000	3.893941091667e-02	3.262533555061e-02	1.193532886620e+00
6.0	dust	-15.954887	4.009514591404e-02	3.362462778270e-02	1.192433896165e+00
6.0	dust	-15.909774	4.128518352033e-02	3.465452766827e-02	1.191335917648e+00
6.0	dust	-15.864662	4.251054184867e-02	3.571597269930e-02	1.190238950135e+00
6.0	dust	-15.819549	4.364820914333e-02	3.670841119513e-02	1.189051983517e+00
6.0	dust	-15.774436	4.475512031844e-02	3.767829204137e-02	1.187822427548e+00
6.0	dust	-15.729323	4.589010257307e-02	3.867379831854e-02	1.186594143019e+00
6.0	dust	-15.684211	4.705386778502e-02	3.969560708169e-02	1.185367128614e+00
6.0	dust	-15.639098	4.824714588522e-02	4.074441327447e-02	1.184141383021e+00
6.0	dust	-15.593985	4.947068531549e-02	4.182093020178e-02	1.182916904928e+00
6.0	dust	-15.548872	5.072525349803e-02	4.292589001491e-02	1.181693693023e+00
6.0	dust	-15.503759	5.201163731674e-02	4.406004420949e-02	1.180471745998e+00
6.0	dust	-15.458647	5.333064361073e-02	4.522416413656e-02	1.179251062545e+00
6.0	dust	-15.413534	5.468309968046e-02	4.641904152719e-02	1.178031641356e+00
6.0	dust	-15.368421	5.606985380655e-02	4.764548903097e-02	1.176813481127e+00
6.0	dust	-15.323308	5.749177578190e-02	4.890434076866e-02	1.175596580554e+00
6.0	dust	-15.278195	5.894975745718e-02	5.019645289951e-02	1.174380938334e+00
6.0	dust	-15.233083	6.044471330028e-02	5.152270420354e-02	1.173166553166e+00
6.0	dust	-15.187970	6.197758096981e-02	5.288399667921e-02	1.171953423750e+00
6.0	dust	-15.142857	6.354932190324e-02	5.428125615685e-02	1.170741548788e+00
6.0	dust	-15.097744	6.516092191997e-02	5.571543292840e-02	1.169530926982e+00
6.0	dust	-15.052632	6.681339183957e-02	5.718750239362e-02	1.168321557037e+00
6.0	dust	-15.007519	6.850776811585e-02	5.869846572355e-02	1.167113437658e+00
6.0	dust	-14.962406	7.024511348689e-02	6.024935054137e-02	1.165906567551e+00
6.0	dust	-14.917293	7.181162924031e-02	6.161572632125e-02	1.165475659021e+00
6.0	dust	-14.872180	7.332992384959e-02	6.292584122776e-02	1.165338792757e+00
6.0	dust	-14.827068	7.488031936712e-02	6.426381267627e-02	1.165201942567e+00
6.0	dust	-14.781955	7.646349449404e-02	6.563023297126e-02	1.165065108447e+00
6.0	dust	-14.736842	7.808014228112e-02	6.702570701120e-02	1.164928290396e+00
6.0	dust	-14.691729	7.973097043210e-02	6.845085255629e-02	1.164791488412e+00
6.0	dust	-14.646617	8.141670161354e-02	6.990630050199e-02	1.164654702493e+00
6.0	dust	-14.601504	8.313807377114e-02	7.139269515827e-02	1.164517932638e+00
6.0	dust	-14.556391	8.489584045279e-02	7.291069453484e-02	1.164381178844e+00
6.0	dust	-14.511278	8.669077113845e-02	7.446097063247e-02	1.164244441109e+00
6.0	dust	-14.466165	8.852365157699e-02	7.604420974045e-02	1.164107719432e+00
6.0	dust	-14.421053	9.039528413018e-02	7.766111274043e-02	1.163971013811e+00
6.0	dust	-14.375940	9.230648812391e-02	7.931239541665e-02	1.163834324244e+00
6.0	dust	-14.330827	9.425810020685e-02	8.099878877286e-02	1.163697650729e+00
6.0	dust	-14.285714	9.625097471673e-02	8.272103935589e-02	1.163560993264e+00
6.0	dust	-14.240602	9.828598405431e-02	8.447990958614e-02	1.163424351847e+00
6.0	dust	-14.195489	1.003640190653e-01	8.627617809513e-02	1.163287726476e+00
6.0	dust	-14.150376	1.024859894304e-01	8.811064007014e-02	1.163151117150e+00
6.0	dust	-14.105263	1.046528240632e-01	8.998410760627e-02	1.163014523866e+00
6.0	dust	-14.060150	1.068654715174e-01	9.189741006592e-02	1.162877946623e+00
6.0	dust	-14.015038	1.097295050192e-01	9.426167178820e-02	1.164094620195e+00
6.0	dust	-13.969925	1.128511737184e-01	9.680928075232e-02	1.165706147607e+00
6.0	dust	-13.924812	1.160616500310e-01	9.942574391041e-02	1.167319905955e+00
6.0	dust	-13.879699	1.193634604239e-01	1.021129221839e-01	1.168935898328e+00
6.0	dust	-13.834586	1.227592032386e-01	1.048727267892e-01	1.170554127817e+00
6.0	dust	-13.789474	1.262515507364e-01	1.077071205974e-01	1.172174597521e+00
6.0	dust	-13.744361	1.298432512009e-01	1.106181195297e-01	1.173797310540e+00
6.0	dust	-13.699248	1.335371311014e-01	1.136077939918e-01	1.175422269980e+00
6.0	dust	-13.654135	1.373360973162e-01	1.166782703464e-01	1.177049478951e+00
6.0	dust	-13.609023	1.412431394211e-01	1.198317324250e-01	1.178678940567e+00
6.0	dust	-13.563910	1.452613320414e-01	1.230704230818e-01	1.180310657946e+00
6.0	dust	-13.518797	1.493938372719e-01	1.263966457884e-01	1.181944634212e+00
6.0	dust	-13.473684	1.536439071650e-01	1.298127662723e-01	1.183580872490e+00
6.0	dust	-13.428571	1.580148862898e-01	1.333212141997e-01	1.185219375914e+00
6.0	dust	-13.383459	1.625102143645e-01	1.369244849030e-01	1.186860147618e+00
6.0	dust	-13.338346	1.671334289629e-01	1.406251411563e-01	1.188503190743e+00
6.0	dust	-13.293233	1.718881682984e-01	1.444258149974e-01	1.190148508433e+00
6.0	dust	-13.248120	1.767781740871e-01	1.483292096005e-01	1.191796103836e+00
6.0	dust	-13.203008	1.818072944923e-01	1.523381011983e-01	1.193445980107e+00
6.0	dust	-13.157895	1.869794871527e-01	1.564553410565e-01	1.195098140403e+00
6.0	dust	-13.112782	1.895636429342e-01	1.595155811487e-01	1.188370700649e+00
6.0	dust	-13.067669	1.916003946568e-01	1.623841310651e-01	1.179920681905e+00
6.0	dust	-13.022556	1.936590300990e-01	1.653042657768e-01	1.171530747793e+00
6.0	dust	-12.977444	1.957397843885e-01	1.682769129273e-01	1.163200471077e+00
6.0	dust	-12.932331	1.978428951795e-01	1.713030168416e-01	1.154929427556e+00
6.0	dust	-12.887218	1.999686026799e-01	1.743835388263e-01	1.146717196049e+00
6.0	dust	-12.842105	2.021171496781e-01	1.775194574751e-01	1.138563358365e+00
6.0	dust	-12.796992	2.042887815713e-01	1.807117689799e-01	1.130467499292e+00
6.0	dust	-12.751880	2.064837463934e-01	1.839614874466e-01	1.122429206566e+00
6.0	dust	-12.706767	2.087022948432e-01	1.872696452179e-01	1.114448070857e+00
6.0	dust	-12.661654	2.109446803131e-01	1.906372932010e-01	1.106523685745e+00
6.0	dust	-12.616541	2.132111589183e-01	1.940655012012e-01	1.098655647699e+00
6.0	dust	-12.571429	2.155019895253e-01	1.975553582624e-01	1.090843556059e+00
6.0	dust	-12.526316	2.178174337825e-01	2.011079730122e-01	1.083087013011e+00
6.0	dust	-12.481203	2.201577561493e-01	2.047244740148e-01	1.075385623574e+00
6.0	dust	-12.436090	2.225232239266e-01	2.084060101292e-01	1.067738995572e+00
6.0	dust	-12.390977	2.249141072872e-01	2.121537508741e-01	1.060146739619e+00
6.0	dust	-12.345865	2.273306793069e-01	2.159688867996e-01	1.052608469098e+00
6.0	dust	-12.300752	2.297732159955e-01	2.198526298653e-01	1.045123800140e+00
6.0	dust	-12.255639	2.322419963284e-01	2.238062138253e-01	1.037692351606e+00
6.0	dust	-12.210526	2.266849693588e-01	2.216276250685e-01	1.022819106096e+00
6.0	dust	-12.165414	2.201603296805e-01	2.186064493183e-01	1.007108117656e+00
6.0	dust	-12.120301	2.138234877333e-01	2.156264575266e-01	9.916384574788e-01
6.0	dust	-12.075188	2.076690381633e-01	2.126870882834e-01	9.764064186470e-01
6.0	dust	-12.030075	2.016917311976e-01	2.097877878316e-01	9.614083511837e-01
6.0	dust	-11.984962	1.958864681673e-01	2.069280099628e-01	9.466406611773e-01
6.0	dust	-11.939850	1.902482971573e-01	2.041072159145e-01	9.320998099204e-01
6.0	dust	-11.894737	1.847724087829e-01	2.013248742684e-01	9.177823130618e-01
6.0	dust	-11.849624	1.794541320873e-01	1.985804608503e-01	9.036847397716e-01
6.0	dust	-11.804511	1.742889305569e-01	1.958734586317e-01	8.898037119191e-01
6.0	dust	-11.759398	1.692723982521e-01	1.932033576317e-01	8.761359032632e-01
6.0	dust	-11.714286	1.644002560488e-01	1.905696548216e-01	8.626780386556e-01
6.0	dust	-11.669173	1.596683479881e-01	1.879718540299e-01	8.494268932557e-01
6.0	dust	-11.624060	1.550726377317e-01	1.854094658486e-01	8.363792917582e-01
6.0	dust	-11.578947	1.506092051185e-01	1.828820075415e-01	8.235321076316e-01
6.0	dust	-11.533835	1.462742428208e-01	1.803890029525e-01	8.108822623699e-01
6.0	dust	-11.488722	1.420640530966e-01	1.779299824169e-01	7.984267247541e-01
6.0	dust	-11.443609	1.379750446356e-01	1.755044826718e-01	7.861625101261e-01
6.0	dust	-11.398496	1.340037294956e-01	1.731120467697e-01	7.740866796740e-01
6.0	dust	-11.353383	1.301467201271e-01	1.707522239922e-01	7.621963397269e-01
6.0	dust	-11.308271	1.212378984434e-01	1.624249624710e-01	7.464240508293e-01
6.0	dust	-11.263158	1.125576709861e-01	1.540500833424e-01	7.306563459365e-01
6.0	dust	-11.218045	1.044989187415e-01	1.461070257722e-01	7.152217231802e-01
6.0	dust	-11.172932	9.701714616578e-02	1.385735243813e-01	7.001131464248e-01
6.0	dust	-11.127820	9.007104344721e-02	1.314284618277e-01	6.853237281683e-01
6.0	dust	-11.082707	8.362225841818e-02	1.246518096117e-01	6.708467264027e-01
6.0	dust	-11.037594	7.763518479782e-02	1.182245719336e-01	6.566755415400e-01
6.0	dust	-10.992481	7.207676559572e-02	1.121287324462e-01	6.428037134045e-01
6.0	dust	-10.947368	6.691631059126e-02	1.063472037526e-01	6.292249182870e-01
6.0	dust	-10.902256	6.212532688081e-02	1.008637795083e-01	6.159329660626e-01
6.0	dust	-10.857143	5.767736155722e-02	9.566308899256e-02	6.029217973686e-01
6.0	dust	-10.812030	5.354785565290e-02	9.073055402260e-02	5.901854808421e-01
6.0	dust	-10.766917	4.971400854005e-02	8.605234808891e-02	5.777182104164e-01
6.0	dust	-10.721805	4.615465203949e-02	8.161535759796e-02	5.655143026739e-01
6.0	dust	-10.676692	4.285013354275e-02	7.740714511311e-02	5.535681942556e-01
6.0	dust	-10.631579	3.978220750230e-02	7.341591449098e-02	5.418744393245e-01
6.0	dust	-10.586466	3.693393469070e-02	6.963047781533e-02	5.304277070834e-01
6.0	dust	-10.541353	3.428958867248e-02	6.604022403599e-02	5.192227793443e-01
6.0	dust	-10.496241	3.183456897226e-02	6.263508922473e-02	5.082545481502e-01
6.0	dust	-10.451128	2.955532045979e-02	5.940552836483e-02	4.975180134461e-01
6.0	dust	-10.406015	2.743925850675e-02	5.634248859521e-02	4.870082808000e-01
6.0	dust	-10.360902	2.547469950206e-02	5.343738383415e-02	4.767205591711e-01
6.0	dust	-10.315789	2.365079634206e-02	5.068207071139e-02	4.666501587265e-01
6.0	dust	-10.270677	2.195747853938e-02	4.806882574129e-02	4.567924887026e-01
6.0	dust	-10.225564	2.038539661981e-02	4.559032367293e-02	4.471430553127e-01
6.0	dust	-10.180451	1.892587050019e-02	4.323961695651e-02	4.376974596982e-01
6.0	dust	-10.135338	1.757084156223e-02	4.101011626851e-02	4.284513959236e-01
6.0	dust	-10.090226	1.631282815773e-02	3.889557204098e-02	4.194006490133e-01
6.0	dust	-10.045113	1.514488429943e-02	3.689005694327e-02	4.105410930301e-01
6.0	dust	-10.000000	1.406056130951e-02	3.498794926692e-02	4.018686891947e-01
6.0	intrinsic	-27.550000	1.628932765410e-10	8.092009883377e-11	2.013013811014e+00
6.0	intrinsic	-26.650000	2.665988446382e-08	2.210394281240e-08	1.206114433524e+00
6.0	intrinsic	-25.750000	3.518691575563e-07	2.598546587517e-07	1.354099862002e+00
6.0	intrinsic	-24.850000	3.743253193865e-06	2.225726346180e-06	1.681811962324e+00
6.0	intrinsic	-23.950000	2.900167679756e-05	1.818957403745e-05	1.594412092215e+00
6.0	intrinsic	-23.050000	1.132730476282e-04	8.409301020586e-05	1.346997180276e+00
6.0	intrinsic	-22.150000	3.102188508928e-04	2.405034432821e-04	1.289872804561e+00
6.0	intrinsic	-21.250000	7.618529875739e-04	6.164241317991e-04	1.235923365541e+00
6.0	intrinsic	-20.350000	1.649407492988e-03	1.340592395192e-03	1.230357190526e+00
6.0	intrinsic	-19.450000	3.512397927493e-03	2.875895341094e-03	1.221323278808e+00
6.0	intrinsic	-18.550000	6.720690221325e-03	5.606414234722e-03	1.198750206452e+00
6.0	intrinsic	-17.650000	1.259280303625e-02	1.050282979694e-02	1.198991441327e+00
6.0	intrinsic	-16.750000	2.394482268487e-02	1.975722523528e-02	1.211952710956e+00
6.0	intrinsic	-15.850000	4.291656236285e-02	3.606789480181e-02	1.189882653220e+00
6.0	intrinsic	-14.950000	7.073056069226e-02	6.068298216393e-02	1.165574897113e+00
6.0	intrinsic	-14.050000	1.073697293739e-01	9.233347908810e-02	1.162847218954e+00
6.0	intrinsic	-13.150000	1.878996321137e-01	1.571872146571e-01	1.195387503517e+00
6.0	intrinsic	-12.250000	2.325524531369e-01	2.243053848155e-01	1.036767143723e+00
6.0	intrinsic	-11.350000	1.298619600227e-01	1.705765395652e-01	7.613119620887e-01
6.0	intrinsic	-10.450000	2.950048052285e-02	5.932695958691e-02	4.972525261408e-01
12.5	dust	-28.000000	6.042377361160e-32	1.309049894474e-17	4.615849546045e-15
12.5	dust	-27.954887	1.134419623804e-31	1.625281509312e-17	6.979834676667e-15
12.5	dust	-27.909774	2.129803893321e-31	2.017906265957e-17	1.055452341495e-14
12.5	dust	-27.864662	3.998577359580e-31	2.505378714309e-17	1.595997178687e-14
12.5	dust	-27.819549	7.507085957860e-31	3.110611532362e-17	2.413379452805e-14
12.5	dust	-27.774436	1.409409760291e-30	3.862052491307e-17	3.649380124852e-14
12.5	dust	-27.729323	2.646081160591e-30	4.795021586730e-17	5.518392592671e-14
12.5	dust	-27.684211	4.967856549390e-30	5.953371185131e-17	8.344610801015e-14
12.5	dust	-27.639098	9.326848723643e-30	7.391547217647e-17	1.261826306321e-13
12.5	dust	-27.593985	1.751059158993e-29	9.177148303327e-17	1.908064576398e-13
12.5	dust	-27.548872	3.287507141100e-29	1.139410308848e-16	2.885270666388e-13
12.5	dust	-27.503759	6.172094841728e-29	1.414661514666e-16	4.362948152432e-13
12.5	dust	-27.458647	1.158773292354e-28	1.756406086144e-16	6.597411051437e-13
12.5	dust	-27.413534	2.175526425800e-28	2.180707050741e-16	9.976243370518e-13
12.5	dust	-27.368421	4.084418635280e-28	2.707507835840e-16	1.508552840074e-12
12.5	dust	-27.323308	7.668247735528e-28	3.361569670096e-16	2.281150917008e-12
12.5	dust	-27.278195	1.439666904502e-27	4.173635436000e-16	3.449431380814e-12
12.5	dust	-27.233083	2.702887109808e-27	5.181874678247e-16	5.216041061655e-12
12.5	dust	-27.187970	5.074506266363e-27	6.433677687669e-16	7.887411388495e-12
12.5	dust	-27.142857	9.527077085057e-27	7.987882988095e-16	1.192691117190e-11
12.5	dust	-27.097744	1.788650816854e-26	9.917542924755e-16	1.803522132876e-11
12.5	dust	-27.052632	3.358083193902e-26	1.231335734524e-15	2.727187313540e-11
12.5	dust	-27.007519	6.304597091230e-26	1.528793676638e-15	4.123903171221e-11
12.5	dust	-26.962406	1.183649784345e-25	1.898109540882e-15	6.235940333533e-11
12.5	dust	-26.917293	2.222230527513e-25	2.356642288782e-15	9.429647164066e-11
12.5	dust	-26.872180	4.172102747557e-25	2.925944344969e-15	1.425899557772e-10
12.5	dust	-26.827068	7.832869326860e-25	3.632774626258e-15	2.156167153955e-10
12.5	dust	-26.781955	1.470573607699e-24	4.510356291595e-15	3.260437785014e-10
12.5	dust	-26.736842	2.760912566543e-24	5.599938330907e-15	4.930255305322e-10
12.5	dust	-26.691729	5.183445534577e-24	6.952734392269e-15	7.455261832438e-10
12.5	dust	-26.646617	9.731603939767e-24	8.632329978108e-15	1.127343830049e-09
12.5	dust	-26.601504	1.827049490706e-23	1.071767115594e-14	1.704707547118e-09
12.5	dust	-26.556391	3.430174370175e-23	1.330677526209e-14	2.577765313244e-09
12.5	dust	-26.511278	6.439943892959e-23	1.652133801266e-14	3.897955412586e-09
12.5	dust	-26.466165	1.209060323728e-22	2.051245356988e-14	5.894274517716e-09
12.5	dust	-26.421053	2.269937270743e-22	2.546771642430e-14	8.912998844990e-09
12.5	dust	-26.375940	4.261669258341e-22	3.162003890266e-14	1.347774830847e-08
12.5	dust	-26.330827	8.001025006978e-22	3.925859875101e-14	2.038031224121e-08
12.5	dust	-26.285714	1.502143814586e-21	4.874243136249e-14	3.081799107260e-08
12.5	dust	-26.240602	2.820183711126e-21	6.051730552575e-14	4.660127688478e-08
12.5	dust	-26.195489	5.294723506014e-21	7.513667590482e-14	7.046789656653e-08
12.5	dust	-26.150376	9.940521567631e-21	9.328769708070e-14	1.065576906570e-07
12.5	dust	-26.105263	1.866272505529e-20	1.158235218929e-13	1.611306991041e-07
12.5	dust	-26.060150	3.503813196520e-20	1.438034022007e-13	2.436530111874e-07
12.5	dust	-26.015038	6.578196313631e-20	1.785424769212e-13	3.684387282548e-07
12.5	dust	-25.969925	1.235016375406e-19	2.216735875321e-13	5.571328497705e-07
12.5	dust	-25.924812	2.318668180153e-19	2.752240265551e-13	8.424657575051e-07
12.5	dust	-25.879699	4.353158578879e-19	3.417108264295e-13	1.273930540734e-06
12.5	dust	-25.834586	8.172790645539e-19	4.242590676427e-13	1.926367936211e-06
12.5	dust	-25.789474	1.534391769229e-18	5.267487669554e-13	2.912948003842e-06
12.5	dust	-25.744361	2.880727285928e-18	6.539972499132e-13	4.404800305063e-06
12.5	dust	-25.699248	5.408390387847e-18	8.119855797028e-13	6.660697582618e-06
12.5	dust	-25.654135	1.015392422957e-17	1.008139685194e-12	1.007194179407e-05
12.5	dust	-25.609023	1.906337558240e-17	1.251679402035e-12	1.523023831135e-05
12.5	dust	-25.563910	3.579032897817e-17	1.554051832784e-12	2.303033156498e-05
12.5	dust	-25.518797	6.719416730940e-17	1.929469395320e-12	3.482520503947e-05
12.5	dust	-25.473684	1.261529650414e-16	2.395577849426e-12	5.266076619954e-05
12.5	dust	-25.428571	2.368445242496e-16	2.974285700815e-12	7.963072417175e-05
12.5	dust	-25.383459	4.446611987962e-16	3.692793967098e-12	1.204132163229e-04
12.5	dust	-25.338346	8.348243740965e-16	4.584874707798e-12	1.820822655582e-04
12.5	dust	-25.293233	1.567332021486e-15	5.692458413197e-12	2.753348215690e-04
12.5	dust	-25.248120	2.942570607422e-15	7.067604864068e-12	4.163462253503e-04
12.5	dust	-25.203008	5.524497465096e-15	8.774950098676e-12	6.295759409423e-04
12.5	dust	-25.157895	9.317263435902e-15	1.082064908970e-11	8.610632651208e-04
12.5	dust	-25.112782	1.335783977155e-14	1.320603085661e-11	1.011495423310e-03
12.5	dust	-25.067669	1.915067493690e-14	1.611726334901e-11	1.188208849245e-03
12.5	dust	-25.022556	2.745566325177e-14	1.967026888561e-11	1.395795014875e-03
12.5	dust	-24.977444	3.936223903745e-14	2.400652453544e-11	1.639647545789e-03
12.5	dust	-24.932331	5.643228676841e-14	2.929869559091e-11	1.926102361565e-03
12.5	dust	-24.887218	8.090502643620e-14	3.575751092422e-11	2.262602299351e-03
12.5	dust	-24.842105	1.159907506407e-13	4.364015399691e-11	2.657890498025e-03
12.5	dust	-24.796992	1.662919453443e-13	5.326050364385e-11	3.122237567565e-03
12.5	dust	-24.751880	2.384070361957e-13	6.500163240938e-11	3.667708446062e-03
12.5	dust	-24.706767	3.417959588479e-13	7.933106010672e-11	4.308475878024e-03
12.5	dust	-24.661654	4.900210973172e-13	9.681936998167e-11	5.061188658942e-03
12.5	dust	-24.616541	7.025263745812e-13	1.181629287575e-10	5.945404214066e-03
12.5	dust	-24.571429	1.007187873511e-12	1.442116152500e-10	6.984096750905e-03
12.5	dust	-24.526316	1.443970574274e-12	1.760026616784e-10	8.204254188570e-03
12.5	dust	-24.481203	1.917338171579e-12	2.106270467089e-10	9.103000785216e-03
12.5	dust	-24.436090	2.515534560789e-12	2.512904575140e-10	1.001046591930e-02
12.5	dust	-24.390977	3.300364129981e-12	2.998042987560e-10	1.100839495523e-02
12.5	dust	-24.345865	4.330055154181e-12	3.576841653351e-10	1.210580611005e-02
12.5	dust	-24.300752	5.681002731768e-12	4.267382511269e-10	1.331261661397e-02
12.5	dust	-24.255639	7.453436709044e-12	5.091238377977e-10	1.463973233170e-02
12.5	dust	-24.210526	9.778857958485e-12	6.074146892839e-10	1.609914631800e-02
12.5	dust	-24.165414	1.282979472492e-11	7.246814573717e-10	1.770404719813e-02
12.5	dust	-24.120301	1.683260288496e-11	8.645876102823e-10	1.946893835254e-02
12.5	dust	-24.075188	2.208425979976e-11	1.031503881119e-09	2.140976898294e-02
12.5	dust	-24.030075	2.897439773495e-11	1.230644811595e-09	2.354407824416e-02
12.5	dust	-23.984962	3.801421155679e-11	1.468231656736e-09	2.589115374428e-02
12.5	dust	-23.939850	4.987438543169e-11	1.751686739775e-09	2.847220584550e-02
12.5	dust	-23.894737	6.543485239654e-11	2.089865328965e-09	3.131055934066e-02
12.5	dust	-23.849624	8.442802081601e-11	2.481098992906e-09	3.402847732291e-02
12.5	dust	-23.804511	1.053322537686e-10	2.916553261095e-09	3.611531981043e-02
12.5	dust	-23.759398	1.314123388981e-10	3.428433508347e-09	3.833014074160e-02
12.5	dust	-23.714286	1.639498083143e-10	4.030153153020e-09	4.068078856792e-02
12.5	dust	-23.669173	2.045434992763e-10	4.737479784064e-09	4.317559305780e-02
12.5	dust	-23.624060	2.551881184026e-10	5.568948338252e-09	4.582339481401e-02
12.5	dust	-23.578947	3.183722582446e-10	6.546346793594e-09	4.863357660124e-02
12.5	dust	-23.533835	3.972006825954e-10	7.695287106119e-09	5.161609659496e-02
12.5	dust	-23.488722	4.955468894311e-10	9.045876350999e-09	5.478152366923e-02
12.5	dust	-23.443609	6.182434481741e-10	1.063350565471e-08	5.814107484864e-02
12.5	dust	-23.398496	7.713194641358e-10	1.249977759162e-08	6.170665505702e-02
12.5	dust	-23.353383	9.622968387482e-10	1.469359634664e-08	6.549089930379e-02
12.5	dust	-23.308271	1.200559883319e-09	1.727244921082e-08	6.950721745743e-02
12.5	dust	-23.263158	1.497816448520e-09	2.030391299056e-08	7.376984176479e-02
12.5	dust	-23.218045	1.868673228739e-09	2.386742480446e-08	7.829387728455e-02
12.5	dust	-23.172932	2.248641798829e-09	2.755558752436e-08	8.160384157445e-02
12.5	dust	-23.127820	2.681397316810e-09	3.166987609568e-08	8.466712369537e-02
12.5	dust	-23.082707	3.197437481746e-09	3.639846368832e-08	8.784539669381e-02
12.5	dust	-23.037594	3.812790587050e-09	4.183307048211e-08	9.114297714965e-02
12.5	dust	-22.992481	4.546569602593e-09	4.807911127640e-08	9.456434368047e-02
12.5	dust	-22.947368	5.421565826728e-09	5.525774021577e-08	9.811414302427e-02
12.5	dust	-22.902256	6.464956787813e-09	6.350820081095e-08	1.017971963504e-01
12.5	dust	-22.857143	7.709150382762e-09	7.299052683832e-08	1.056185058074e-01
12.5	dust	-22.812030	9.192791471718e-09	8.388864650716e-08	1.095832613169e-01
12.5	dust	-22.766917	1.096196219384e-08	9.641395010604e-08	1.136968476220e-01
12.5	dust	-22.721805	1.307161328623e-08	1.108093903298e-07	1.179648516008e-01
12.5	dust	-22.676692	1.558727086294e-08	1.273541948209e-07	1.223930698542e-01
12.5	dust	-22.631579	1.858707166702e-08	1.463692823344e-07	1.269875165785e-01
12.5	dust	-22.586466	2.216419001073e-08	1.682234875830e-07	1.317544317335e-01
12.5	dust	-22.541353	2.619240489343e-08	1.927325778941e-07	1.359002467545e-01
12.5	dust	-22.496241	3.019238653080e-08	2.189026892174e-07	1.379260649503e-01
12.5	dust	-22.451128	3.480322666567e-08	2.486262980041e-07	1.399820813206e-01
12.5	dust	-22.406015	4.011821275228e-08	2.823859143998e-07	1.420687460192e-01
12.5	dust	-22.360902	4.624487866883e-08	3.207295659854e-07	1.441865159102e-01
12.5	dust	-22.315789	5.330718036468e-08	3.642796940345e-07	1.463358546679e-01
12.5	dust	-22.270677	6.144800376238e-08	4.137432577446e-07	1.485172328785e-01
12.5	dust	-22.225564	7.083205565460e-08	4.699232104684e-07	1.507311281432e-01
12.5	dust	-22.180451	8.164919608549e-08	5.337315342387e-07	1.529780251826e-01
12.5	dust	-22.135338	9.411827963762e-08	6.062040441817e-07	1.552584159426e-01
12.5	dust	-22.090226	1.084915833424e-07	6.885172031411e-07	1.575727997026e-01
12.5	dust	-22.045113	1.250599108000e-07	7.820072194688e-07	1.599216831847e-01
12.5	dust	-22.000000	1.441584757774e-07	8.881917380007e-07	1.623055806642e-01
12.5	dust	-21.954887	1.661736843207e-07	1.008794476333e-06	1.647250140829e-01
12.5	dust	-21.909774	1.915509526013e-07	1.145773206325e-06	1.671805131626e-01
12.5	dust	-21.864662	2.202036846709e-07	1.273871677123e-06	1.728617478710e-01
12.5	dust	-21.819549	2.528919322002e-07	1.405339266832e-06	1.799508048831e-01
12.5	dust	-21.774436	2.904326031945e-07	1.550374727978e-06	1.873305839893e-01
12.5	dust	-21.729323	3.335460181131e-07	1.710378307846e-06	1.950130076972e-01
12.5	dust	-21.684211	3.830594257512e-07	1.886894763671e-06	2.030104874561e-01
12.5	dust	-21.639098	4.399228762704e-07	2.081628276527e-06	2.113359437086e-01
12.5	dust	-21.593985	5.052274505097e-07	2.296458904367e-06	2.200028267647e-01
12.5	dust	-21.548872	5.802261953563e-07	2.533460733078e-06	2.290251385311e-01
12.5	dust	-21.503759	6.663581668771e-07	2.794921900776e-06	2.384174551325e-01
12.5	dust	-21.458647	7.652760425460e-07	3.013565828122e-06	2.539436953408e-01
12.5	dust	-21.413534	8.762544236886e-07	3.237082073741e-06	2.706926805461e-01
12.5	dust	-21.368421	9.692114283466e-07	3.477176524351e-06	2.787351811330e-01
12.5	dust	-21.323308	1.072029729543e-06	3.735078785793e-06	2.870166309799e-01
12.5	dust	-21.278195	1.185755457903e-06	4.012109663798e-06	2.955441294644e-01
12.5	dust	-21.233083	1.296010943208e-06	4.301479428136e-06	3.012942325682e-01
12.5	dust	-21.187970	1.388665333052e-06	4.597089405750e-06	3.020749022882e-01
12.5	dust	-21.142857	1.487943768782e-06	4.913014547094e-06	3.028575947658e-01
12.5	dust	-21.097744	1.594319816563e-06	5.250650968364e-06	3.036423152422e-01
12.5	dust	-21.052632	1.708300898739e-06	5.611490730857e-06	3.044290689719e-01
12.5	dust	-21.007519	1.830430714287e-06	5.997128434592e-06	3.052178612232e-01
12.5	dust	-20.962406	1.961291832299e-06	6.409268265066e-06	3.060086972782e-01
12.5	dust	-20.917293	2.101508470885e-06	6.849731524279e-06	3.068015824322e-01
12.5	dust	-20.872180	2.251749474745e-06	7.320464679321e-06	3.075965219948e-01
12.5	dust	-20.827068	2.412731505612e-06	7.823547964068e-06	3.083935212890e-01
12.5	dust	-20.781955	2.585222460786e-06	8.361204572023e-06	3.091925856516e-01
12.5	dust	-20.736842	2.770045136065e-06	8.935810480910e-06	3.099937204334e-01
12.5	dust	-20.691729	2.968081150550e-06	9.549904952441e-06	3.107969309989e-01
12.5	dust	-20.646617	3.180275152037e-06	1.020620175366e-05	3.116022227266e-01
12.5	dust	-20.601504	3.407639323067e-06	1.090760114946e-05	3.124096010089e-01
12.5	dust	-20.556391	3.651258209112e-06	1.165720271922e-05	3.132190712522e-01
12.5	dust	-20.511278	3.912293891951e-06	1.245831905429e-05	3.140306388768e-01
12.5	dust	-20.466165	4.191991532891e-06	1.331449039680e-05	3.148443093173e-01
12.5	dust	-20.421053	4.491685312289e-06	1.422950028442e-05	3.156600880220e-01
12.5	dust	-20.375940	4.812804793696e-06	1.520739227038e-05	3.164779804537e-01
12.5	dust	-20.330827	5.158231904431e-06	1.623147464068e-05	3.177919455022e-01
12.5	dust	-20.285714	5.530409586246e-06	1.729422194697e-05	3.197836597220e-01
12.5	dust	-20.240602	5.929440699510e-06	1.842655207688e-05	3.217878567173e-01
12.5	dust	-20.195489	6.357262777867e-06	1.963302092938e-05	3.238046147221e-01
12.5	dust	-20.150376	6.815953152242e-06	2.091848269850e-05	3.258340124607e-01
12.5	dust	-20.105263	7.307739037515e-06	2.228810940413e-05	3.278761291508e-01
12.5	dust	-20.060150	7.835008346976e-06	2.374741170142e-05	3.299310445065e-01
12.5	dust	-20.015038	8.400321287070e-06	2.530226105281e-05	3.319988387416e-01
12.5	dust	-19.969925	9.006422788718e-06	2.695891335165e-05	3.340795925726e-01
12.5	dust	-19.924812	9.656255835595e-06	2.872403409264e-05	3.361733872218e-01
12.5	dust	-19.879699	1.035297575407e-05	3.060472519025e-05	3.382803044206e-01
12.5	dust	-19.834586	1.109996553417e-05	3.260855355309e-05	3.404004264127e-01
12.5	dust	-19.789474	1.190085225607e-05	3.474358152916e-05	3.425338359571e-01
12.5	dust	-19.744361	1.275952470166e-05	3.701839934445e-05	3.446806163317e-01
12.5	dust	-19.699248	1.368015223693e-05	3.944215966553e-05	3.468408513362e-01
12.5	dust	-19.654135	1.466720505672e-05	4.202461442499e-05	3.490146252954e-01
12.5	dust	-19.609023	1.572547589019e-05	4.477615405814e-05	3.512020230629e-01
12.5	dust	-19.563910	1.686010327234e-05	4.770784930856e-05	3.534031300237e-01
12.5	dust	-19.518797	1.807659649470e-05	5.083149577101e-05	3.556180320982e-01
12.5	dust	-19.473684	1.938086235617e-05	5.415966135063e-05	3.578468157453e-01
12.5	dust	-19.428571	2.072332616729e-05	5.754306361985e-05	3.601359549467e-01
12.5	dust	-19.383459	2.209289327637e-05	6.094736807489e-05	3.624913425175e-01
12.5	dust	-19.338346	2.355297259624e-05	6.455307454250e-05	3.648621349667e-01
12.5	dust	-19.293233	2.510954591505e-05	6.837209816460e-05	3.672484330464e-01
12.5	dust	-19.248120	2.676899034648e-05	7.241705899463e-05	3.696503381678e-01
12.5	dust	-19.203008	2.853810445615e-05	7.670132370089e-05	3.720679524051e-01
12.5	dust	-19.157895	3.042413611454e-05	8.123904973696e-05	3.745013785003e-01
12.5	dust	-19.112782	3.243481219078e-05	8.604523212533e-05	3.769507198672e-01
12.5	dust	-19.067669	3.457837020879e-05	9.113575300887e-05	3.794160805960e-01
12.5	dust	-19.022556	3.686359209553e-05	9.652743413366e-05	3.818975654578e-01
12.5	dust	-18.977444	3.929984015962e-05	1.022380924369e-04	3.843952799087e-01
12.5	dust	-18.932331	4.189709544771e-05	1.082865989234e-04	3.869093300948e-01
12.5	dust	-18.887218	4.466599863573e-05	1.146929410253e-04	3.894398228562e-01
12.5	dust	-18.842105	4.761789362266e-05	1.214782886507e-04	3.919868657319e-01
12.5	dust	-18.796992	5.076487400520e-05	1.286650641407e-04	3.945505669640e-01
12.5	dust	-18.751880	5.411983262395e-05	1.362770163642e-04	3.971310355029e-01
12.5	dust	-18.706767	5.769651438402e-05	1.443392991962e-04	3.997283810113e-01
12.5	dust	-18.661654	6.150957256643e-05	1.528785546404e-04	4.023427138692e-01
12.5	dust	-18.616541	6.557462886099e-05	1.619230008674e-04	4.049741451784e-01
12.5	dust	-18.571429	6.990833736672e-05	1.715025254625e-04	4.076227867676e-01
12.5	dust	-18.526316	7.432751194395e-05	1.812197039498e-04	4.101513815768e-01
12.5	dust	-18.481203	7.883323974843e-05	1.910781605218e-04	4.125706440399e-01
12.5	dust	-18.436090	8.361210441055e-05	2.014729228258e-04	4.150041764314e-01
12.5	dust	-18.390977	8.868066346468e-05	2.124331662035e-04	4.174520629219e-01
12.5	dust	-18.345865	9.405647816159e-05	2.239896531518e-04	4.199143881787e-01
12.5	dust	-18.300752	9.975817431367e-05	2.361748196654e-04	4.223912373682e-01
12.5	dust	-18.255639	1.058055068286e-04	2.490228662758e-04	4.248826961592e-01
12.5	dust	-18.210526	1.122194281548e-04	2.625698540432e-04	4.273888507260e-01
12.5	dust	-18.165414	1.190221608768e-04	2.768538057702e-04	4.299097877510e-01
12.5	dust	-18.120301	1.262372747099e-04	2.919148127220e-04	4.324455944281e-01
12.5	dust	-18.075188	1.338897681642e-04	3.077951471515e-04	4.349963584652e-01
12.5	dust	-18.030075	1.420061551571e-04	3.245393809469e-04	4.375621680879e-01
12.5	dust	-17.984962	1.506145568776e-04	3.421945107327e-04	4.401431120419e-01
12.5	dust	-17.939850	1.597447992190e-04	3.608100897769e-04	4.427392795965e-01
12.5	dust	-17.894737	1.694285161179e-04	3.804383670739e-04	4.453507605476e-01
12.5	dust	-17.849624	1.796992591574e-04	4.011344339937e-04	4.479776452207e-01
12.5	dust	-17.804511	1.905926138151e-04	4.229563789084e-04	4.506200244739e-01
12.5	dust	-17.759398	2.021463227573e-04	4.459654502315e-04	4.532779897016e-01
12.5	dust	-17.714286	2.144004166076e-04	4.702262283251e-04	4.559516328369e-01
12.5	dust	-17.669173	2.273973526430e-04	4.958068067607e-04	4.586410463556e-01
12.5	dust	-17.624060	2.403287302904e-04	5.213130197660e-04	4.610065760458e-01
12.5	dust	-17.578947	2.533308582375e-04	5.469948696262e-04	4.631320553530e-01
12.5	dust	-17.533835	2.670364198979e-04	5.739419044851e-04	4.652673342217e-01
12.5	dust	-17.488722	2.814834720412e-04	6.022164521380e-04	4.674124578328e-01
12.5	dust	-17.443609	2.967121303628e-04	6.318839108830e-04	4.695674715759e-01
12.5	dust	-17.398496	3.127646808747e-04	6.630129007855e-04	4.717324210496e-01
12.5	dust	-17.353383	3.296856973222e-04	6.956754223949e-04	4.739073520626e-01
12.5	dust	-17.308271	3.475221649544e-04	7.299470232795e-04	4.760923106352e-01
12.5	dust	-17.263158	3.663236109893e-04	7.659069727666e-04	4.782873429994e-01
12.5	dust	-17.218045	3.861422421382e-04	8.036384452901e-04	4.804924956008e-01
12.5	dust	-17.172932	4.070330895703e-04	8.432287127710e-04	4.827078150989e-01
12.5	dust	-17.127820	4.290541617197e-04	8.847693464750e-04	4.849333483683e-01
12.5	dust	-17.082707	4.522666053596e-04	9.283564288142e-04	4.871691424998e-01
12.5	dust	-17.037594	4.767348753911e-04	9.740907755839e-04	4.894152448013e-01
12.5	dust	-16.992481	5.025269138177e-04	1.022078169146e-03	4.916717027989e-01
12.5	dust	-16.947368	5.297143384025e-04	1.072429603103e-03	4.939385642375e-01
12.5	dust	-16.902256	5.583726415316e-04	1.125261539019e-03	4.962158770826e-01
12.5	dust	-16.857143	5.885813998377e-04	1.180696175797e-03	4.985036895205e-01
12.5	dust	-16.812030	6.204244951627e-04	1.238861732320e-03	5.008020499598e-01
12.5	dust	-16.766917	6.539903474761e-04	1.299892744017e-03	5.031110070322e-01
12.5	dust	-16.721805	6.873857535382e-04	1.357040261881e-03	5.065330578957e-01
12.5	dust	-16.676692	7.212366491064e-04	1.412401809753e-03	5.106455147013e-01
12.5	dust	-16.631579	7.567545607932e-04	1.470021876454e-03	5.147913598529e-01
12.5	dust	-16.586466	7.940215822239e-04	1.529992600074e-03	5.189708644247e-01
12.5	dust	-16.541353	8.331238497941e-04	1.592409877551e-03	5.231843016921e-01
12.5	dust	-16.496241	8.741517417597e-04	1.657373518015e-03	5.274319471489e-01
12.5	dust	-16.451128	9.172000871303e-04	1.724987402390e-03	5.317140785256e-01
12.5	dust	-16.406015	9.623683848508e-04	1.795359649507e-03	5.360309758075e-01
12.5	dust	-16.360902	1.009761033776e-03	1.868602788989e-03	5.403829212533e-01
12.5	dust	-16.315789	1.059487573972e-03	1.944833941198e-03	5.447701994132e-01
12.5	dust	-16.270677	1.111662939897e-03	2.024175004513e-03	5.491930971473e-01
12.5	dust	-16.225564	1.166407726055e-03	2.106752850257e-03	5.536519036452e-01
12.5	dust	-16.180451	1.223848465729e-03	2.192699525570e-03	5.581469104441e-01
12.5	dust	-16.135338	1.284117923441e-03	2.282152464561e-03	5.626784114480e-01
12.5	dust	-16.090226	1.347355401815e-03	2.375254708074e-03	5.672467029473e-01
12.5	dust	-16.045113	1.413707063550e-03	2.472155132419e-03	5.718520836379e-01
12.5	dust	-16.000000	1.483326269252e-03	2.573008687435e-03	5.764948546407e-01
12.5	dust	-15.954887	1.556373931901e-03	2.677976644265e-03	5.811753195213e-01
12.5	dust	-15.909774	1.633018888773e-03	2.787226853236e-03	5.858937843100e-01
12.5	dust	-15.864662	1.713438291678e-03	2.900934012264e-03	5.906505575217e-01
12.5	dust	-15.819549	1.788200548830e-03	3.016172629847e-03	5.928707565128e-01
12.5	dust	-15.774436	1.861411386368e-03	3.134434700451e-03	5.938587223081e-01
12.5	dust	-15.729323	1.937619553671e-03	3.257333746142e-03	5.948483344595e-01
12.5	dust	-15.684211	2.016947764618e-03	3.385051579550e-03	5.958395957105e-01
12.5	dust	-15.639098	2.099523757123e-03	3.517777142052e-03	5.968325088093e-01
12.5	dust	-15.593985	2.185480498826e-03	3.655706783289e-03	5.978270765085e-01
12.5	dust	-15.548872	2.274956401205e-03	3.799044551636e-03	5.988233015653e-01
12.5	dust	-15.503759	2.368095542450e-03	3.948002496068e-03	5.998211867415e-01
12.5	dust	-15.458647	2.465047899469e-03	4.102800979854e-03	6.008207348037e-01
12.5	dust	-15.413534	2.565969589381e-03	4.263669006555e-03	6.018219485228e-01
12.5	dust	-15.368421	2.671023120909e-03	4.430844558809e-03	6.028248306745e-01
12.5	dust	-15.323308	2.780377656054e-03	4.604574950387e-03	6.038293840391e-01
12.5	dust	-15.278195	2.894209282492e-03	4.785117192066e-03	6.048356114016e-01
12.5	dust	-15.233083	3.012701297114e-03	4.972738371842e-03	6.058435155515e-01
12.5	dust	-15.187970	3.136044501184e-03	5.167716050045e-03	6.068530992830e-01
12.5	dust	-15.142857	3.264437507570e-03	5.370338669959e-03	6.078643653949e-01
12.5	dust	-15.097744	3.398087060566e-03	5.580905984532e-03	6.088773166909e-01
12.5	dust	-15.052632	3.537208368795e-03	5.799729499819e-03	6.098919559792e-01
12.5	dust	-15.007519	3.682025451752e-03	6.027132935818e-03	6.109082860725e-01
12.5	dust	-14.962406	3.832771500529e-03	6.263452705364e-03	6.119263097886e-01
12.5	dust	-14.917293	3.986437805477e-03	6.491073325456e-03	6.141415457199e-01
12.5	dust	-14.872180	4.144982979983e-03	6.719917390378e-03	6.168205260853e-01
12.5	dust	-14.827068	4.309833676758e-03	6.956829397754e-03	6.195111925771e-01
12.5	dust	-14.781955	4.481240673610e-03	7.202093784479e-03	6.222135961721e-01
12.5	dust	-14.736842	4.659464722063e-03	7.456005015327e-03	6.249277880694e-01
12.5	dust	-14.691729	4.844776944029e-03	7.718867936487e-03	6.276538196913e-01
12.5	dust	-14.646617	5.037459244246e-03	7.990998141558e-03	6.303917426847e-01
12.5	dust	-14.601504	5.237804739126e-03	8.272722350454e-03	6.331416089213e-01
12.5	dust	-14.556391	5.446118202652e-03	8.564378801665e-03	6.359034704996e-01
12.5	dust	-14.511278	5.662716530019e-03	8.866317658344e-03	6.386773797451e-01
12.5	dust	-14.466165	5.887929219703e-03	9.178901428716e-03	6.414633892116e-01
12.5	dust	-14.421053	6.122098874710e-03	9.502505401303e-03	6.442615516820e-01
12.5	dust	-14.375940	6.365581723758e-03	9.837518095498e-03	6.470719201697e-01
12.5	dust	-14.330827	6.618748163189e-03	1.018434172802e-02	6.498945479192e-01
12.5	dust	-14.285714	6.881983320427e-03	1.054339269583e-02	6.527294884074e-01
12.5	dust	-14.240602	7.155687639853e-03	1.091510207602e-02	6.555767953442e-01
12.5	dust	-14.195489	7.440277491978e-03	1.129991614342e-02	6.584365226740e-01
12.5	dust	-14.150376	7.736185806844e-03	1.169829690633e-02	6.613087245766e-01
12.5	dust	-14.105263	8.043862732613e-03	1.211072266129e-02	6.641934554679e-01
12.5	dust	-14.060150	8.363776320350e-03	1.253768856723e-02	6.670907700013e-01
12.5	dust	-14.015038	8.651718205844e-03	1.258963822420e-02	6.872094377748e-01
12.5	dust	-13.969925	8.936194998259e-03	1.253030870505e-02	7.131663878848e-01
12.5	dust	-13.924812	9.230025660449e-03	1.247125878025e-02	7.401037716471e-01
12.5	dust	-13.879699	9.533517756622e-03	1.241248713220e-02	7.680586215383e-01
12.5	dust	-13.834586	9.846988963995e-03	1.235399244951e-02	7.970693688082e-01
12.5	dust	-13.789474	1.017076740531e-02	1.229577342696e-02	8.271758963136e-01
12.5	dust	-13.744361	1.050519199232e-02	1.223782876548e-02	8.584195933476e-01
12.5	dust	-13.699248	1.085061278049e-02	1.218015717212e-02	8.908434125403e-01
12.5	dust	-13.654135	1.120739133546e-02	1.212275736003e-02	9.244919289082e-01
12.5	dust	-13.609023	1.157590111151e-02	1.206562804843e-02	9.594114011340e-01
12.5	dust	-13.563910	1.195652784243e-02	1.200876796257e-02	9.956498351619e-01
12.5	dust	-13.518797	1.234966994531e-02	1.195217583369e-02	1.033257050194e+00
12.5	dust	-13.473684	1.275573893760e-02	1.189585039903e-02	1.072284747179e+00
12.5	dust	-13.428571	1.317515986782e-02	1.183979040179e-02	1.112786579890e+00
12.5	dust	-13.383459	1.360837176048e-02	1.178399459106e-02	1.154818228685e+00
12.5	dust	-13.338346	1.405582807567e-02	1.172846172186e-02	1.198437477054e+00
12.5	dust	-13.293233	1.451799718365e-02	1.167319055504e-02	1.243704291058e+00
12.5	dust	-13.248120	1.499536285516e-02	1.161817985733e-02	1.290680901768e+00
12.5	dust	-13.203008	1.548842476780e-02	1.156342840124e-02	1.339431890817e+00
12.5	dust	-13.157895	1.599769902901e-02	1.150893496508e-02	1.390024279184e+00
12.5	dust	-13.112782	1.568672510193e-02	1.112055200678e-02	1.410606694017e+00
12.5	dust	-13.067669	1.521312052267e-02	1.067800811720e-02	1.424715204905e+00
12.5	dust	-13.022556	1.475381474039e-02	1.025307532229e-02	1.438964825345e+00
12.5	dust	-12.977444	1.430837605404e-02	9.845052786133e-03	1.453356966678e+00
12.5	dust	-12.932331	1.387638579623e-02	9.453267562661e-03	1.467893054359e+00
12.5	dust	-12.887218	1.345743793975e-02	9.077073485795e-03	1.482574528102e+00
12.5	dust	-12.842105	1.305113871592e-02	8.715850103721e-03	1.497402842018e+00
12.5	dust	-12.796992	1.265710624450e-02	8.369001655591e-03	1.512379464765e+00
12.5	dust	-12.751880	1.227497017476e-02	8.035956088939e-03	1.527505879686e+00
12.5	dust	-12.706767	1.190437133738e-02	7.716164116209e-03	1.542783584965e+00
12.5	dust	-12.661654	1.154496140688e-02	7.409098308814e-03	1.558214093765e+00
12.5	dust	-12.616541	1.119640257423e-02	7.114252227264e-03	1.573798934388e+00
12.5	dust	-12.571429	1.085836722932e-02	6.831139585896e-03	1.589539650418e+00
12.5	dust	-12.526316	1.053053765306e-02	6.559293450850e-03	1.605437800880e+00
12.5	dust	-12.481203	1.021260571876e-02	6.298265469966e-03	1.621494960391e+00
12.5	dust	-12.436090	9.904272602497e-03	6.047625133318e-03	1.637712719317e+00
12.5	dust	-12.390977	9.605248502292e-03	5.806959063181e-03	1.654092683930e+00
12.5	dust	-12.345865	9.315252365683e-03	5.575870332254e-03	1.670636476569e+00
12.5	dust	-12.300752	9.034011625587e-03	5.353977809011e-03	1.687345735797e+00
12.5	dust	-12.255639	8.761261944111e-03	5.140915529109e-03	1.704222116567e+00
12.5	dust	-12.210526	8.214880452626e-03	4.838969499232e-03	1.697650802289e+00
12.5	dust	-12.165414	7.665540242311e-03	4.541814317578e-03	1.687770504541e+00
12.5	dust	-12.120301	7.152935157773e-03	4.262907071151e-03	1.677947709951e+00
12.5	dust	-12.075188	6.674608671271e-03	4.001127176629e-03	1.668182083853e+00
12.5	dust	-12.030075	6.228268526409e-03	3.755422864341e-03	1.658473293527e+00
12.5	dust	-11.984962	5.811775753090e-03	3.524806952499e-03	1.648821008189e+00
12.5	dust	-11.939850	5.423134417052e-03	3.308352880939e-03	1.639224898981e+00
12.5	dust	-11.894737	5.060482054865e-03	3.105190988419e-03	1.629684638961e+00
12.5	dust	-11.849624	4.722080748559e-03	2.914505018528e-03	1.620199903085e+00
12.5	dust	-11.804511	4.406308797099e-03	2.735528840160e-03	1.610770368205e+00
12.5	dust	-11.759398	4.111652944799e-03	2.567543369380e-03	1.601395713051e+00
12.5	dust	-11.714286	3.836701129436e-03	2.409873680316e-03	1.592075618226e+00
12.5	dust	-11.669173	3.580135715305e-03	2.261886293466e-03	1.582809766188e+00
12.5	dust	-11.624060	3.340727178791e-03	2.122986630527e-03	1.573597841246e+00
12.5	dust	-11.578947	3.117328216191e-03	1.992616625520e-03	1.564439529544e+00
12.5	dust	-11.533835	2.908868245558e-03	1.870252482614e-03	1.555334519055e+00
12.5	dust	-11.488722	2.714348276216e-03	1.755402571636e-03	1.546282499567e+00
12.5	dust	-11.443609	2.532836121350e-03	1.647605452822e-03	1.537283162673e+00
12.5	dust	-11.398496	2.363461930743e-03	1.546428022853e-03	1.528336201760e+00
12.5	dust	-11.353383	2.205414022244e-03	1.451463774759e-03	1.519441312003e+00
12.5	dust	-11.308271	1.984884418209e-03	1.331684616935e-03	1.490506380390e+00
12.5	dust	-11.263158	1.781179261251e-03	1.219538113147e-03	1.460535953776e+00
12.5	dust	-11.218045	1.598380002183e-03	1.116835916330e-03	1.431168158913e+00
12.5	dust	-11.172932	1.434341105894e-03	1.022782683509e-03	1.402390878357e+00
12.5	dust	-11.127820	1.287137229725e-03	9.366500507276e-04	1.374192238312e+00
12.5	dust	-11.082707	1.155040625508e-03	8.577709924834e-04	1.346560603739e+00
12.5	dust	-11.037594	1.036500860797e-03	7.855346561657e-04	1.319484573547e+00
12.5	dust	-10.992481	9.301266212700e-04	7.193816315132e-04	1.292952975896e+00
12.5	dust	-10.947368	8.346693807179e-04	6.587996184467e-04	1.266954863583e+00
12.5	dust	-10.902256	7.490087469562e-04	6.033194597318e-04	1.241479509528e+00
12.5	dust	-10.857143	6.721393116569e-04	5.525115077468e-04	1.216516402342e+00
12.5	dust	-10.812030	6.031588497605e-04	5.059822972201e-04	1.192055242000e+00
12.5	dust	-10.766917	5.412577299602e-04	4.633714981688e-04	1.168085935581e+00
12.5	dust	-10.721805	4.857094119700e-04	4.243491254434e-04	1.144598593110e+00
12.5	dust	-10.676692	4.358619190410e-04	3.886129832676e-04	1.121583523474e+00
12.5	dust	-10.631579	3.911301856383e-04	3.558863249839e-04	1.099031230425e+00
12.5	dust	-10.586466	3.509891904621e-04	3.259157098807e-04	1.076932408660e+00
12.5	dust	-10.541353	3.149677942146e-04	2.984690405057e-04	1.055277939986e+00
12.5	dust	-10.496241	2.826432097860e-04	2.733337652641e-04	1.034058889552e+00
12.5	dust	-10.451128	2.536360399556e-04	2.503152323834e-04	1.013266502165e+00
12.5	dust	-10.406015	2.276058243645e-04	2.292351824979e-04	9.928921986771e-01
12.5	dust	-10.360902	2.042470434947e-04	2.099303681781e-04	9.729275724480e-01
12.5	dust	-10.315789	1.832855327529e-04	1.922512897156e-04	9.533643858726e-01
12.5	dust	-10.270677	1.644752645705e-04	1.760610373719e-04	9.341945669844e-01
12.5	dust	-10.225564	1.475954607503e-04	1.612342311270e-04	9.154102061243e-01
12.5	dust	-10.180451	1.324480011689e-04	1.476560497154e-04	8.970035526770e-01
12.5	dust	-10.135338	1.188550984188e-04	1.352213414307e-04	8.789670118730e-01
12.5	dust	-10.090226	1.066572110977e-04	1.238338098139e-04	8.612931416551e-01
12.5	dust	-10.045113	9.571117125373e-05	1.134052679168e-04	8.439746496076e-01
12.5	dust	-10.000000	8.588850400719e-05	1.038549553681e-04	8.270043899473e-01
12.5	intrinsic	-27.550000	7.251372854900e-19	3.657636935367e-13	1.982529426249e-06
12.5	intrinsic	-26.650000	6.856748721384e-15	8.489641898568e-12	8.076605354274e-04
12.5	intrinsic	-25.750000	1.287522654687e-12	1.535531893558e-10	8.384864294182e-03
12.5	intrinsic	-24.850000	6.662531664901e-11	1.996989670663e-09	3.336287494511e-02
12.5	intrinsic	-23.950000	1.659134494093e-09	2.093913128557e-08	7.923607104159e-02
12.5	intrinsic	-23.050000	2.141841245783e-08	1.582258086053e-07	1.353661115504e-01
12.5	intrinsic	-22.150000	1.689608858150e-07	1.006668609359e-06	1.678416156461e-01
12.5	intrinsic	-21.250000	1.262882140858e-06	4.195593826967e-06	3.010020018481e-01
12.5	intrinsic	-20.350000	5.007741230881e-06	1.579982151974e-05	3.169492278519e-01
12.5	intrinsic	-19.450000	2.010285428513e-05	5.599329717160e-05	3.590225134184e-01
12.5	intrinsic	-18.550000	7.206604875683e-05	1.762493232612e-04	4.088869530015e-01
12.5	intrinsic	-17.650000	2.331569204954e-04	5.070956437256e-04	4.597888453199e-01
12.5	intrinsic	-16.750000	6.670405553378e-04	1.323546716885e-03	5.039796078432e-01
12.5	intrinsic	-15.850000	1.740418046012e-03	2.938878610541e-03	5.922048089259e-01
12.5	intrinsic	-14.950000	3.875298120519e-03	6.330049938926e-03	6.122065635988e-01
12.5	intrinsic	-14.050000	8.437492607171e-03	1.263581175209e-02	6.677444055602e-01
12.5	intrinsic	-13.150000	1.608852832563e-02	1.149942505070e-02	1.399072410550e+00
12.5	intrinsic	-12.250000	8.727752408406e-03	5.114885964531e-03	1.706343497964e+00
12.5	intrinsic	-11.350000	2.193995566034e-03	1.444581131772e-03	1.518776285928e+00
12.5	intrinsic	-10.450000	2.529503438296e-04	2.497653154130e-04	1.012752084537e+00
