log10_mh_msun,log10_epsilon_lower,log10_epsilon_mid,log10_epsilon_upper,log10_mstar_over_mh_lower,log10_mstar_over_mh_mid,log10_mstar_over_mh_upper
8.021429,-5.901768,-4.294164,-2.686559,-6.679051,-5.071447,-3.463843
8.026415,-5.905630,-4.294902,-2.684174,-6.682914,-5.072186,-3.461458
8.031401,-5.909444,-4.295612,-2.681781,-6.686728,-5.072896,-3.459064
8.036387,-5.913210,-4.296294,-2.679378,-6.690493,-5.073578,-3.456662
8.041374,-5.916928,-4.296948,-2.676968,-6.694212,-5.074232,-3.454252
8.046360,-5.920597,-4.297573,-2.674549,-6.697881,-5.074857,-3.451833
8.051346,-5.924219,-4.298171,-2.672123,-6.701502,-5.075455,-3.449407
8.056333,-5.927791,-4.298740,-2.669689,-6.705075,-5.076023,-3.446972
8.061319,-5.931316,-4.299282,-2.667247,-6.708600,-5.076565,-3.444531
8.066305,-5.934791,-4.299794,-2.664797,-6.712075,-5.077078,-3.442081
8.071292,-5.938219,-4.300280,-2.662342,-6.715503,-5.077564,-3.439625
8.076278,-5.941597,-4.300737,-2.659878,-6.718881,-5.078021,-3.437161
8.081264,-5.944928,-4.301168,-2.657408,-6.722211,-5.078451,-3.434691
8.086250,-5.948208,-4.301569,-2.654930,-6.725492,-5.078853,-3.432214
8.091237,-5.951441,-4.301944,-2.652447,-6.728724,-5.079227,-3.429730
8.096223,-5.954624,-4.302290,-2.649957,-6.731908,-5.079574,-3.427240
8.101209,-5.957758,-4.302609,-2.647460,-6.735042,-5.079893,-3.424744
8.106196,-5.960844,-4.302901,-2.644958,-6.738127,-5.080185,-3.422242
8.111182,-5.963879,-4.303164,-2.642450,-6.741163,-5.080448,-3.419733
8.116168,-5.966867,-4.303402,-2.639937,-6.744151,-5.080686,-3.417220
8.121155,-5.969803,-4.303610,-2.637416,-6.747087,-5.080893,-3.414700
8.126141,-5.972693,-4.303793,-2.634894,-6.749977,-5.081077,-3.412177
8.131127,-5.975530,-4.303946,-2.632362,-6.752813,-5.081229,-3.409645
8.136113,-5.978322,-4.304076,-2.629830,-6.755606,-5.081359,-3.407113
8.141100,-5.981059,-4.304173,-2.627287,-6.758342,-5.081456,-3.404571
8.146086,-5.983755,-4.304252,-2.624749,-6.761039,-5.081536,-3.402033
8.151072,-5.986386,-4.304289,-2.622191,-6.763669,-5.081572,-3.399475
8.156059,-5.988970,-4.304301,-2.619632,-6.766253,-5.081584,-3.396915
8.161045,-5.991523,-4.304305,-2.617087,-6.768806,-5.081588,-3.394370
8.166031,-5.994015,-4.304271,-2.614527,-6.771298,-5.081555,-3.391811
8.171018,-5.996453,-4.304206,-2.611959,-6.773736,-5.081489,-3.389243
8.176004,-5.998846,-4.304120,-2.609394,-6.776129,-5.081403,-3.386677
8.180990,-6.001184,-4.304001,-2.606819,-6.778467,-5.081285,-3.384103
8.185976,-6.003476,-4.303861,-2.604246,-6.780760,-5.081145,-3.381530
8.190963,-6.005715,-4.303691,-2.601666,-6.782998,-5.080974,-3.378950
8.195949,-6.007906,-4.303497,-2.599087,-6.785190,-5.080780,-3.376371
8.200935,-6.010045,-4.303273,-2.596502,-6.787328,-5.080557,-3.373785
8.205922,-6.012135,-4.303026,-2.593917,-6.789418,-5.080310,-3.371201
8.210908,-6.014172,-4.302750,-2.591327,-6.791456,-5.080033,-3.368611
8.215894,-6.016161,-4.302449,-2.588738,-6.793445,-5.079733,-3.366021
8.220880,-6.018098,-4.302121,-2.586144,-6.795381,-5.079404,-3.363428
8.225867,-6.019985,-4.301767,-2.583550,-6.797268,-5.079051,-3.360834
8.230853,-6.021820,-4.301387,-2.580953,-6.799104,-5.078670,-3.358237
8.235839,-6.023605,-4.300980,-2.578356,-6.800889,-5.078264,-3.355639
8.240826,-6.025339,-4.300548,-2.575757,-6.802623,-5.077831,-3.353040
8.245812,-6.027022,-4.300089,-2.573156,-6.804305,-5.077372,-3.350440
8.250798,-6.028654,-4.299605,-2.570555,-6.805937,-5.076888,-3.347839
8.255785,-6.030234,-4.299093,-2.567953,-6.807518,-5.076377,-3.345236
8.260771,-6.031764,-4.298557,-2.565351,-6.809048,-5.075841,-3.342634
8.265757,-6.033242,-4.297994,-2.562747,-6.810525,-5.075278,-3.340030
8.270743,-6.034669,-4.297407,-2.560144,-6.811952,-5.074690,-3.337428
8.275730,-6.036044,-4.296792,-2.557540,-6.813327,-5.074075,-3.334824
8.280716,-6.037368,-4.296153,-2.554937,-6.814652,-5.073436,-3.332221
8.285702,-6.038640,-4.295487,-2.552333,-6.815924,-5.072770,-3.329617
8.290689,-6.039861,-4.294796,-2.549731,-6.817144,-5.072080,-3.327015
8.295675,-6.041030,-4.294079,-2.547129,-6.818313,-5.071363,-3.324412
8.300661,-6.042147,-4.293337,-2.544527,-6.819430,-5.070621,-3.321811
8.305648,-6.043212,-4.292569,-2.541927,-6.820496,-5.069853,-3.319210
8.310634,-6.044225,-4.291776,-2.539327,-6.821509,-5.069060,-3.316611
8.315620,-6.045187,-4.290958,-2.536729,-6.822470,-5.068242,-3.314013
8.320606,-6.046096,-4.290114,-2.534132,-6.823380,-5.067398,-3.311416
8.325593,-6.046953,-4.289246,-2.531538,-6.824237,-5.066529,-3.308821
8.330579,-6.047758,-4.288351,-2.528944,-6.825042,-5.065635,-3.306227
8.335565,-6.048511,-4.287432,-2.526353,-6.825795,-5.064716,-3.303637
8.340552,-6.049211,-4.286488,-2.523764,-6.826495,-5.063771,-3.301047
8.345538,-6.049860,-4.285518,-2.521177,-6.827143,-5.062802,-3.298461
8.350524,-6.050455,-4.284524,-2.518593,-6.827739,-5.061807,-3.295876
8.355511,-6.050998,-4.283505,-2.516011,-6.828282,-5.060788,-3.293295
8.360497,-6.051488,-4.282460,-2.513432,-6.828772,-5.059744,-3.290716
8.365483,-6.051926,-4.281391,-2.510857,-6.829210,-5.058675,-3.288140
8.370469,-6.052311,-4.280298,-2.508284,-6.829595,-5.057581,-3.285567
8.375456,-6.052643,-4.279179,-2.505715,-6.829927,-5.056463,-3.282999
8.380442,-6.052922,-4.278036,-2.503149,-6.830206,-5.055319,-3.280433
8.385428,-6.053149,-4.276868,-2.500587,-6.830432,-5.054152,-3.277871
8.390415,-6.053322,-4.275676,-2.498029,-6.830606,-5.052959,-3.275313
8.395401,-6.053442,-4.274459,-2.495475,-6.830726,-5.051742,-3.272759
8.400387,-6.053509,-4.273217,-2.492926,-6.830793,-5.050501,-3.270209
8.405374,-6.053523,-4.271951,-2.490380,-6.830807,-5.049235,-3.267663
8.410360,-6.053483,-4.270662,-2.487840,-6.830767,-5.047945,-3.265123
8.415346,-6.053391,-4.269347,-2.485303,-6.830674,-5.046630,-3.262587
8.420332,-6.053244,-4.268008,-2.482773,-6.830528,-5.045292,-3.260056
8.425319,-6.053044,-4.266645,-2.480246,-6.830328,-5.043929,-3.257530
8.430305,-6.052791,-4.265258,-2.477726,-6.830074,-5.042542,-3.255010
8.435291,-6.052484,-4.263847,-2.475210,-6.829767,-5.041131,-3.252494
8.440278,-6.052123,-4.262412,-2.472701,-6.829406,-5.039696,-3.249985
8.445264,-6.051709,-4.260953,-2.470197,-6.828992,-5.038236,-3.247481
8.450250,-6.051240,-4.259470,-2.467700,-6.828523,-5.036753,-3.244983
8.455237,-6.050718,-4.257963,-2.465208,-6.828001,-5.035246,-3.242491
8.460223,-6.050141,-4.256432,-2.462722,-6.827425,-5.033715,-3.240006
8.465209,-6.049511,-4.254877,-2.460244,-6.826794,-5.032161,-3.237527
8.470195,-6.048826,-4.253299,-2.457771,-6.826110,-5.030582,-3.235055
8.475182,-6.048087,-4.251697,-2.455306,-6.825371,-5.028980,-3.232590
8.480168,-6.047295,-4.250071,-2.452848,-6.824578,-5.027355,-3.230131
8.485154,-6.046447,-4.248422,-2.450397,-6.823730,-5.025706,-3.227681
8.490141,-6.045546,-4.246749,-2.447953,-6.822829,-5.024033,-3.225236
8.495127,-6.044589,-4.245053,-2.445517,-6.821872,-5.022337,-3.222801
8.500113,-6.043578,-4.243333,-2.443088,-6.820862,-5.020617,-3.220372
8.505099,-6.042512,-4.241590,-2.440668,-6.819796,-5.018874,-3.217952
8.510086,-6.041393,-4.239824,-2.438255,-6.818676,-5.017107,-3.215539
8.515072,-6.040218,-4.238034,-2.435851,-6.817501,-5.015318,-3.213135
8.520058,-6.038988,-4.236222,-2.433455,-6.816272,-5.013505,-3.210739
8.525045,-6.037703,-4.234386,-2.431068,-6.814987,-5.011669,-3.208351
8.530031,-6.036364,-4.232527,-2.428689,-6.813647,-5.009810,-3.205973
8.535017,-6.034969,-4.230644,-2.426319,-6.812253,-5.007928,-3.203603
8.540004,-6.033519,-4.228739,-2.423959,-6.810803,-5.006023,-3.201243
8.544990,-6.032015,-4.226811,-2.421607,-6.809299,-5.004095,-3.198891
8.549976,-6.030454,-4.224860,-2.419267,-6.807738,-5.002144,-3.196550
8.554962,-6.028840,-4.222887,-2.416933,-6.806123,-5.000170,-3.194217
8.559949,-6.027168,-4.220890,-2.414613,-6.804451,-4.998174,-3.191896
8.564935,-6.025443,-4.218871,-2.412298,-6.802726,-4.996154,-3.189582
8.569921,-6.023659,-4.216829,-2.409998,-6.800943,-4.994112,-3.187282
8.574908,-6.021824,-4.214764,-2.407704,-6.799108,-4.992048,-3.184987
8.579894,-6.019929,-4.212677,-2.405425,-6.797212,-4.989960,-3.182709
8.584880,-6.017983,-4.210567,-2.403151,-6.795266,-4.987851,-3.180435
8.589867,-6.015975,-4.208435,-2.400894,-6.793259,-4.985718,-3.178178
8.594853,-6.013922,-4.206280,-2.398639,-6.791205,-4.983564,-3.175922
8.599839,-6.011801,-4.204103,-2.396406,-6.789084,-4.981387,-3.173689
8.604825,-6.009611,-4.201904,-2.394197,-6.786895,-4.979187,-3.171480
8.609812,-6.007394,-4.199682,-2.391971,-6.784677,-4.976966,-3.169254
8.614798,-6.005121,-4.197439,-2.389756,-6.782405,-4.974722,-3.167039
8.619784,-6.002772,-4.195172,-2.387573,-6.780055,-4.972456,-3.164857
8.624771,-6.000379,-4.192884,-2.385390,-6.777663,-4.970168,-3.162673
8.629757,-5.997922,-4.190574,-2.383227,-6.775205,-4.967858,-3.160510
8.634743,-5.995415,-4.188242,-2.381069,-6.772698,-4.965526,-3.158353
8.639730,-5.992846,-4.185888,-2.378930,-6.770130,-4.963171,-3.156213
8.644716,-5.990226,-4.183512,-2.376798,-6.767509,-4.960796,-3.154082
8.649702,-5.987546,-4.181114,-2.374682,-6.764830,-4.958398,-3.151965
8.654688,-5.984814,-4.178695,-2.372575,-6.762098,-4.955978,-3.149859
8.659675,-5.982025,-4.176253,-2.370481,-6.759308,-4.953537,-3.147765
8.664661,-5.979182,-4.173790,-2.368399,-6.756465,-4.951074,-3.145682
8.669647,-5.976283,-4.171305,-2.366327,-6.753567,-4.948589,-3.143611
8.674634,-5.973330,-4.168799,-2.364268,-6.750614,-4.946083,-3.141551
8.679620,-5.970324,-4.166271,-2.362218,-6.747608,-4.943555,-3.139502
8.684606,-5.967263,-4.163722,-2.360180,-6.744547,-4.941005,-3.137464
8.689593,-5.964150,-4.161151,-2.358152,-6.741434,-4.938435,-3.135436
8.694579,-5.960982,-4.158559,-2.356136,-6.738266,-4.935842,-3.133419
8.699565,-5.957763,-4.155946,-2.354128,-6.735047,-4.933229,-3.131412
8.704551,-5.954489,-4.153311,-2.352132,-6.731773,-4.930594,-3.129416
8.709538,-5.951165,-4.150655,-2.350145,-6.728448,-4.927938,-3.127428
8.714524,-5.947787,-4.147978,-2.348168,-6.725070,-4.925261,-3.125452
8.719510,-5.944358,-4.145280,-2.346201,-6.721642,-4.922563,-3.123484
8.724497,-5.940877,-4.142560,-2.344243,-6.718161,-4.919844,-3.121527
8.729483,-5.937345,-4.139820,-2.342294,-6.714629,-4.917103,-3.119578
8.734469,-5.933762,-4.137059,-2.340355,-6.711046,-4.914342,-3.117639
8.739455,-5.930128,-4.134276,-2.338425,-6.707412,-4.911560,-3.115708
8.744442,-5.926444,-4.131473,-2.336503,-6.703728,-4.908757,-3.113786
8.749428,-5.922709,-4.128650,-2.334590,-6.699993,-4.905933,-3.111873
8.754414,-5.918925,-4.125805,-2.332685,-6.696209,-4.903089,-3.109968
8.759401,-5.915091,-4.122940,-2.330788,-6.692374,-4.900223,-3.108072
8.764387,-5.911208,-4.120054,-2.328900,-6.688492,-4.897337,-3.106183
8.769373,-5.907275,-4.117147,-2.327019,-6.684559,-4.894431,-3.104303
8.774360,-5.903294,-4.114220,-2.325146,-6.680578,-4.891504,-3.102430
8.779346,-5.899264,-4.111273,-2.323281,-6.676548,-4.888556,-3.100564
8.784332,-5.895187,-4.108305,-2.321423,-6.672470,-4.885588,-3.098706
8.789318,-5.891061,-4.105316,-2.319572,-6.668344,-4.882600,-3.096856
8.794305,-5.886887,-4.102308,-2.317728,-6.664171,-4.879591,-3.095011
8.799291,-5.882666,-4.099279,-2.315891,-6.659950,-4.876562,-3.093175
8.804277,-5.878398,-4.096229,-2.314061,-6.655682,-4.873513,-3.091344
8.809264,-5.874083,-4.093160,-2.312237,-6.651367,-4.870444,-3.089520
8.814250,-5.869722,-4.090071,-2.310419,-6.647005,-4.867354,-3.087703
8.819236,-5.865314,-4.086961,-2.308608,-6.642598,-4.864245,-3.085892
8.824223,-5.860860,-4.083831,-2.306803,-6.638144,-4.861115,-3.084086
8.829209,-5.856361,-4.080682,-2.305003,-6.633644,-4.857965,-3.082286
8.834195,-5.851816,-4.077512,-2.303209,-6.629099,-4.854796,-3.080493
8.839181,-5.847226,-4.074323,-2.301420,-6.624509,-4.851607,-3.078704
8.844168,-5.842590,-4.071114,-2.299637,-6.619874,-4.848397,-3.076921
8.849154,-5.837911,-4.067885,-2.297859,-6.615195,-4.845169,-3.075142
8.854140,-5.833187,-4.064636,-2.296086,-6.610470,-4.841920,-3.073369
8.859127,-5.828419,-4.061368,-2.294317,-6.605703,-4.838652,-3.071601
8.864113,-5.823607,-4.058080,-2.292553,-6.600891,-4.835364,-3.069837
8.869099,-5.818752,-4.054773,-2.290794,-6.596036,-4.832056,-3.068077
8.874086,-5.813854,-4.051446,-2.289039,-6.591137,-4.828730,-3.066322
8.879072,-5.808912,-4.048100,-2.287287,-6.586196,-4.825383,-3.064571
8.884058,-5.803928,-4.044734,-2.285540,-6.581212,-4.822018,-3.062823
8.889044,-5.798902,-4.041349,-2.283796,-6.576185,-4.818632,-3.061080
8.894031,-5.793833,-4.037945,-2.282056,-6.571117,-4.815228,-3.059340
8.899017,-5.788722,-4.034521,-2.280319,-6.566006,-4.811805,-3.057603
8.904003,-5.783571,-4.031078,-2.278586,-6.560854,-4.808362,-3.055869
8.908990,-5.778377,-4.027616,-2.276855,-6.555661,-4.804900,-3.054139
8.913976,-5.773143,-4.024135,-2.275128,-6.550427,-4.801419,-3.052411
8.918962,-5.767868,-4.020635,-2.273403,-6.545152,-4.797919,-3.050686
8.923949,-5.762553,-4.017116,-2.271680,-6.539837,-4.794400,-3.048963
8.928935,-5.757197,-4.013579,-2.269960,-6.534481,-4.790862,-3.047243
8.933921,-5.751802,-4.010022,-2.268242,-6.529086,-4.787305,-3.045525
8.938907,-5.746367,-4.006446,-2.266526,-6.523650,-4.783730,-3.043809
8.943894,-5.740893,-4.002852,-2.264811,-6.518176,-4.780135,-3.042095
8.948880,-5.735379,-3.999239,-2.263099,-6.512663,-4.776522,-3.040382
8.953866,-5.729827,-3.995607,-2.261387,-6.507111,-4.772891,-3.038671
8.958853,-5.724237,-3.991957,-2.259677,-6.501520,-4.769240,-3.036961
8.963839,-5.718608,-3.988288,-2.257968,-6.495891,-4.765572,-3.035252
8.968825,-5.712941,-3.984601,-2.256260,-6.490225,-4.761884,-3.033544
8.973812,-5.707236,-3.980895,-2.254553,-6.484520,-4.758178,-3.031837
8.978798,-5.701495,-3.977171,-2.252847,-6.478778,-4.754454,-3.030130
8.983784,-5.695716,-3.973428,-2.251141,-6.472999,-4.750712,-3.028424
8.988770,-5.689900,-3.969667,-2.249434,-6.467184,-4.746951,-3.026718
8.993757,-5.684048,-3.965888,-2.247729,-6.461331,-4.743172,-3.025012
8.998743,-5.678160,-3.962091,-2.246022,-6.455443,-4.739375,-3.023306
9.003729,-5.672235,-3.958276,-2.244316,-6.449519,-4.735559,-3.021600
9.008716,-5.666275,-3.954442,-2.242609,-6.443559,-4.731726,-3.019893
9.013702,-5.660279,-3.950591,-2.240902,-6.437563,-4.727874,-3.018186
9.018688,-5.654249,-3.946721,-2.239194,-6.431532,-4.724005,-3.016477
9.023674,-5.648183,-3.942834,-2.237484,-6.425467,-4.720117,-3.014768
9.028661,-5.642083,-3.938928,-2.235774,-6.419366,-4.716212,-3.013058
9.033647,-5.635948,-3.935005,-2.234062,-6.413232,-4.712289,-3.011346
9.038633,-5.629780,-3.931065,-2.232349,-6.407063,-4.708348,-3.009633
9.043620,-5.623578,-3.927106,-2.230634,-6.400861,-4.704389,-3.007918
9.048606,-5.617342,-3.923130,-2.228917,-6.394625,-4.700413,-3.006201
9.053592,-5.611073,-3.919136,-2.227199,-6.388357,-4.696419,-3.004482
9.058579,-5.604771,-3.915124,-2.225478,-6.382055,-4.692408,-3.002761
9.063565,-5.598437,-3.911095,-2.223754,-6.375720,-4.688379,-3.001038
9.068551,-5.592070,-3.907049,-2.222028,-6.369353,-4.684333,-2.999312
9.073537,-5.585671,-3.902985,-2.220300,-6.362955,-4.680269,-2.997583
9.078524,-5.579240,-3.898904,-2.218568,-6.356524,-4.676188,-2.995852
9.083510,-5.572778,-3.894806,-2.216833,-6.350062,-4.672089,-2.994117
9.088496,-5.566284,-3.890690,-2.215096,-6.343568,-4.667974,-2.992379
9.093483,-5.559760,-3.886557,-2.213354,-6.337044,-4.663841,-2.990638
9.098469,-5.553205,-3.882407,-2.211609,-6.330488,-4.659691,-2.988893
9.103455,-5.546619,-3.878240,-2.209861,-6.323903,-4.655524,-2.987144
9.108442,-5.540004,-3.874056,-2.208108,-6.317287,-4.651339,-2.985392
9.113428,-5.533358,-3.869855,-2.206351,-6.310642,-4.647138,-2.983635
9.118414,-5.526683,-3.865637,-2.204590,-6.303967,-4.642920,-2.981874
9.123400,-5.519978,-3.861402,-2.202825,-6.297262,-4.638685,-2.980109
9.128387,-5.513245,-3.857150,-2.201055,-6.290529,-4.634434,-2.978338
9.133373,-5.506483,-3.852881,-2.199280,-6.283766,-4.630165,-2.976564
9.138359,-5.499692,-3.848596,-2.197500,-6.276976,-4.625880,-2.974784
9.143346,-5.492873,-3.844294,-2.195715,-6.270157,-4.621578,-2.972999
9.148332,-5.486027,-3.839976,-2.193925,-6.263310,-4.617259,-2.971208
9.153318,-5.479152,-3.835641,-2.192129,-6.256436,-4.612924,-2.969412
9.158305,-5.472251,-3.831289,-2.190327,-6.249534,-4.608573,-2.967611
9.163291,-5.465322,-3.826921,-2.188520,-6.242606,-4.604204,-2.965803
9.168277,-5.458367,-3.822536,-2.186706,-6.235650,-4.599820,-2.963990
9.173263,-5.451384,-3.818136,-2.184887,-6.228668,-4.595419,-2.962170
9.178250,-5.444376,-3.813718,-2.183061,-6.221660,-4.591002,-2.960344
9.183236,-5.437342,-3.809285,-2.181228,-6.214626,-4.586569,-2.958512
9.188222,-5.430282,-3.804835,-2.179389,-6.207566,-4.582119,-2.956672
9.193209,-5.423197,-3.800370,-2.177542,-6.200480,-4.577653,-2.954826
9.198195,-5.416086,-3.795888,-2.175689,-6.193370,-4.573171,-2.952973
9.203181,-5.408951,-3.791390,-2.173829,-6.186235,-4.568673,-2.951112
9.208168,-5.401791,-3.786876,-2.171961,-6.179075,-4.564159,-2.949244
9.213154,-5.394607,-3.782346,-2.170085,-6.171891,-4.559630,-2.947369
9.218140,-5.387399,-3.777800,-2.168202,-6.164682,-4.555084,-2.945485
9.223126,-5.380167,-3.773239,-2.166311,-6.157451,-4.550522,-2.943594
9.228113,-5.372912,-3.768662,-2.164411,-6.150195,-4.545945,-2.941695
9.233099,-5.365633,-3.764069,-2.162504,-6.142917,-4.541352,-2.939787
9.238085,-5.358332,-3.759460,-2.160588,-6.135616,-4.536743,-2.937871
9.243072,-5.351008,-3.754835,-2.158663,-6.128292,-4.532119,-2.935946
9.248058,-5.343662,-3.750196,-2.156729,-6.120945,-4.527479,-2.934013
9.253044,-5.336293,-3.745540,-2.154787,-6.113577,-4.522824,-2.932070
9.258031,-5.328902,-3.740869,-2.152836,-6.106186,-4.518153,-2.930119
9.263017,-5.321490,-3.736183,-2.150876,-6.098773,-4.513466,-2.928159
9.268003,-5.314055,-3.731481,-2.148907,-6.091339,-4.508765,-2.926191
9.272989,-5.306598,-3.726764,-2.146930,-6.083882,-4.504048,-2.924213
9.277976,-5.299120,-3.722032,-2.144944,-6.076404,-4.499315,-2.922227
9.282962,-5.291620,-3.717284,-2.142948,-6.068904,-4.494568,-2.920232
9.287948,-5.284099,-3.712522,-2.140945,-6.061382,-4.489805,-2.918228
9.292935,-5.276556,-3.707744,-2.138932,-6.053840,-4.485028,-2.916216
9.297921,-5.268992,-3.702951,-2.136911,-6.046275,-4.480235,-2.914194
9.302907,-5.261406,-3.698144,-2.134881,-6.038690,-4.475427,-2.912164
9.307893,-5.253800,-3.693321,-2.132842,-6.031083,-4.470604,-2.910125
9.312880,-5.246172,-3.688483,-2.130794,-6.023456,-4.465767,-2.908078
9.317866,-5.238524,-3.683631,-2.128738,-6.015807,-4.460914,-2.906021
9.322852,-5.230854,-3.678764,-2.126673,-6.008138,-4.456047,-2.903956
9.327839,-5.223164,-3.673882,-2.124599,-6.000448,-4.451165,-2.901883
9.332825,-5.215453,-3.668985,-2.122517,-5.992737,-4.446268,-2.899800
9.337811,-5.207722,-3.664074,-2.120425,-5.985006,-4.441357,-2.897709
9.342798,-5.199970,-3.659148,-2.118325,-5.977254,-4.436431,-2.895609
9.347784,-5.192198,-3.654207,-2.116217,-5.969482,-4.431491,-2.893500
9.352770,-5.184406,-3.649253,-2.114099,-5.961690,-4.426536,-2.891383
9.357756,-5.176594,-3.644283,-2.111973,-5.953877,-4.421567,-2.889256
9.362743,-5.168761,-3.639300,-2.109838,-5.946045,-4.416583,-2.887122
9.367729,-5.160909,-3.634302,-2.107695,-5.938192,-4.411585,-2.884978
9.372715,-5.153037,-3.629289,-2.105542,-5.930320,-4.406573,-2.882826
9.377702,-5.145145,-3.624263,-2.103381,-5.922428,-4.401547,-2.880665
9.382688,-5.137233,-3.619222,-2.101212,-5.914517,-4.396506,-2.878495
9.387674,-5.129302,-3.614168,-2.099033,-5.906586,-4.391451,-2.876317
9.392661,-5.121352,-3.609099,-2.096846,-5.898635,-4.386382,-2.874130
9.397647,-5.113382,-3.604016,-2.094651,-5.890665,-4.381300,-2.871934
9.402633,-5.105393,-3.598919,-2.092446,-5.882676,-4.376203,-2.869730
9.407619,-5.097385,-3.593809,-2.090233,-5.874668,-4.371092,-2.867517
9.412606,-5.089357,-3.588684,-2.088011,-5.866641,-4.365968,-2.865295
9.417592,-5.081311,-3.583546,-2.085781,-5.858595,-4.360830,-2.863065
9.422578,-5.073246,-3.578394,-2.083542,-5.850530,-4.355678,-2.860825
9.427565,-5.065163,-3.573228,-2.081294,-5.842446,-4.350512,-2.858578
9.432551,-5.057060,-3.568049,-2.079038,-5.834344,-4.345333,-2.856321
9.437537,-5.048940,-3.562856,-2.076773,-5.826223,-4.340140,-2.854056
9.442524,-5.040800,-3.557650,-2.074499,-5.818084,-4.334933,-2.851783
9.447510,-5.032643,-3.552430,-2.072217,-5.809926,-4.329713,-2.849500
9.452496,-5.024467,-3.547197,-2.069926,-5.801751,-4.324480,-2.847210
9.457482,-5.016273,-3.541950,-2.067626,-5.793557,-4.319233,-2.844910
9.462469,-5.008061,-3.536690,-2.065318,-5.785345,-4.313973,-2.842602
9.467455,-4.999831,-3.531416,-2.063001,-5.777115,-4.308700,-2.840285
9.472441,-4.991584,-3.526130,-2.060676,-5.768867,-4.303413,-2.837960
9.477428,-4.983318,-3.520830,-2.058342,-5.760602,-4.298114,-2.835625
9.482414,-4.975036,-3.515517,-2.055999,-5.752319,-4.292801,-2.833283
9.487400,-4.966735,-3.510192,-2.053648,-5.744019,-4.287475,-2.830932
9.492387,-4.958417,-3.504853,-2.051288,-5.735701,-4.282136,-2.828572
9.497373,-4.950082,-3.499501,-2.048920,-5.727365,-4.276784,-2.826203
9.502359,-4.941730,-3.494136,-2.046543,-5.719013,-4.271420,-2.823826
9.507345,-4.933360,-3.488758,-2.044157,-5.710644,-4.266042,-2.821440
9.512332,-4.924973,-3.483368,-2.041763,-5.702257,-4.260652,-2.819046
9.517318,-4.916570,-3.477965,-2.039360,-5.693854,-4.255248,-2.816643
9.522304,-4.908150,-3.472549,-2.036948,-5.685433,-4.249833,-2.814232
9.527291,-4.899713,-3.467121,-2.034528,-5.676996,-4.244404,-2.811812
9.532277,-4.891259,-3.461680,-2.032100,-5.668543,-4.238963,-2.809383
9.537263,-4.882789,-3.456226,-2.029663,-5.660073,-4.233509,-2.806946
9.542249,-4.874303,-3.450760,-2.027217,-5.651586,-4.228043,-2.804501
9.547236,-4.865800,-3.445281,-2.024763,-5.643083,-4.222565,-2.802046
9.552222,-4.857281,-3.439790,-2.022300,-5.634564,-4.217074,-2.799584
9.557208,-4.848746,-3.434287,-2.019829,-5.626029,-4.211571,-2.797112
9.562195,-4.840194,-3.428772,-2.017349,-5.617478,-4.206055,-2.794632
9.567181,-4.831627,-3.423244,-2.014860,-5.608911,-4.200527,-2.792144
9.572167,-4.823045,-3.417704,-2.012363,-5.600328,-4.194987,-2.789647
9.577154,-4.814446,-3.412152,-2.009858,-5.591730,-4.189435,-2.787141
9.582140,-4.805832,-3.406588,-2.007344,-5.583115,-4.183871,-2.784627
9.587126,-4.797202,-3.401012,-2.004821,-5.574486,-4.178295,-2.782105
9.592112,-4.788557,-3.395424,-2.002290,-5.565841,-4.172707,-2.779574
9.597099,-4.779897,-3.389824,-1.999751,-5.557180,-4.167107,-2.777034
9.602085,-4.771221,-3.384212,-1.997202,-5.548505,-4.161495,-2.774486
9.607071,-4.762530,-3.378588,-1.994646,-5.539814,-4.155872,-2.771929
9.612058,-4.753825,-3.372953,-1.992081,-5.531108,-4.150236,-2.769364
9.617044,-4.745104,-3.367306,-1.989507,-5.522388,-4.144589,-2.766791
9.622030,-4.736369,-3.361647,-1.986925,-5.513652,-4.138930,-2.764208
9.627017,-4.727619,-3.355976,-1.984334,-5.504902,-4.133260,-2.761618
9.632003,-4.718854,-3.350295,-1.981735,-5.496138,-4.127578,-2.759019
9.636989,-4.710075,-3.344601,-1.979128,-5.487358,-4.121885,-2.756411
9.641975,-4.701281,-3.338896,-1.976511,-5.478565,-4.116180,-2.753795
9.646962,-4.692473,-3.333180,-1.973887,-5.469757,-4.110464,-2.751170
9.651948,-4.683651,-3.327453,-1.971254,-5.460935,-4.104736,-2.748537
9.656934,-4.674815,-3.321714,-1.968612,-5.452099,-4.098997,-2.745896
9.661921,-4.665965,-3.315964,-1.965962,-5.443249,-4.093247,-2.743246
9.666907,-4.657101,-3.310202,-1.963304,-5.434384,-4.087486,-2.740587
9.671893,-4.648223,-3.304430,-1.960637,-5.425507,-4.081714,-2.737921
9.676880,-4.639332,-3.298647,-1.957962,-5.416615,-4.075930,-2.735245
9.681866,-4.630426,-3.292852,-1.955278,-5.407710,-4.070136,-2.732561
9.686852,-4.621508,-3.287047,-1.952586,-5.398791,-4.064330,-2.729869
9.691838,-4.612576,-3.281230,-1.949885,-5.389859,-4.058514,-2.727168
9.696825,-4.603630,-3.275403,-1.947176,-5.380914,-4.052687,-2.724459
9.701811,-4.594672,-3.269565,-1.944458,-5.371955,-4.046849,-2.721742
9.706797,-4.585700,-3.263716,-1.941732,-5.362984,-4.041000,-2.719016
9.711784,-4.576716,-3.257857,-1.938998,-5.353999,-4.035140,-2.716281
9.716770,-4.567718,-3.251987,-1.936255,-5.345002,-4.029270,-2.713538
9.721756,-4.558708,-3.246106,-1.933504,-5.335991,-4.023389,-2.710787
9.726743,-4.549685,-3.240215,-1.930744,-5.326969,-4.017498,-2.708028
9.731729,-4.540649,-3.234313,-1.927976,-5.317933,-4.011596,-2.705260
9.736715,-4.531601,-3.228400,-1.925200,-5.308885,-4.005684,-2.702483
9.741701,-4.522541,-3.222478,-1.922415,-5.299824,-3.999761,-2.699698
9.746688,-4.513468,-3.216545,-1.919621,-5.290752,-3.993828,-2.696905
9.751674,-4.504383,-3.210601,-1.916820,-5.281667,-3.987885,-2.694103
9.756660,-4.495286,-3.204648,-1.914010,-5.272570,-3.981932,-2.691293
9.761647,-4.486177,-3.198684,-1.911191,-5.263461,-3.975968,-2.688475
9.766633,-4.477056,-3.192710,-1.908364,-5.254340,-3.969994,-2.685648
9.771619,-4.467924,-3.186727,-1.905529,-5.245207,-3.964010,-2.682813
9.776606,-4.458780,-3.180733,-1.902686,-5.236063,-3.958016,-2.679969
9.781592,-4.449624,-3.174729,-1.899834,-5.226907,-3.952012,-2.677117
9.786578,-4.440456,-3.168715,-1.896973,-5.217740,-3.945998,-2.674257
9.791564,-4.431277,-3.162691,-1.894105,-5.208561,-3.939975,-2.671388
9.796551,-4.422087,-3.156658,-1.891228,-5.199371,-3.933941,-2.668511
9.801537,-4.412886,-3.150614,-1.888342,-5.190170,-3.927898,-2.665626
9.806523,-4.403674,-3.144561,-1.885449,-5.180957,-3.921845,-2.662732
9.811510,-4.394451,-3.138499,-1.882547,-5.171734,-3.915782,-2.659830
9.816496,-4.385216,-3.132426,-1.879636,-5.162500,-3.909710,-2.656920
9.821482,-4.375971,-3.126344,-1.876717,-5.153255,-3.903628,-2.654001
9.826468,-4.366716,-3.120253,-1.873790,-5.143999,-3.897537,-2.651074
9.831455,-4.357450,-3.114152,-1.870855,-5.134733,-3.891436,-2.648138
9.836441,-4.348173,-3.108042,-1.867911,-5.125456,-3.885326,-2.645195
9.841427,-4.338886,-3.101923,-1.864959,-5.116169,-3.879206,-2.642243
9.846414,-4.329589,-3.095794,-1.861999,-5.106872,-3.873077,-2.639282
9.851400,-4.320281,-3.089656,-1.859030,-5.097565,-3.866939,-2.636314
9.856386,-4.310963,-3.083508,-1.856053,-5.088247,-3.860792,-2.633337
9.861373,-4.301636,-3.077352,-1.853068,-5.078919,-3.854635,-2.630351
9.866359,-4.292298,-3.071186,-1.850074,-5.069582,-3.848470,-2.627358
9.871345,-4.282951,-3.065012,-1.847072,-5.060235,-3.842295,-2.624356
9.876331,-4.273594,-3.058828,-1.844062,-5.050878,-3.836112,-2.621346
9.881318,-4.264228,-3.052636,-1.841044,-5.041511,-3.829919,-2.618327
9.886304,-4.254852,-3.046435,-1.838017,-5.032135,-3.823718,-2.615301
9.891290,-4.245467,-3.040224,-1.834982,-5.022750,-3.817508,-2.612266
9.896277,-4.236072,-3.034005,-1.831939,-5.013356,-3.811289,-2.609222
9.901263,-4.226668,-3.027778,-1.828887,-5.003952,-3.805061,-2.606171
9.906249,-4.217256,-3.021541,-1.825827,-4.994539,-3.798825,-2.603111
9.911236,-4.207834,-3.015297,-1.822759,-4.985117,-3.792580,-2.600043
9.916222,-4.198403,-3.009043,-1.819683,-4.975687,-3.786327,-2.596967
9.921208,-4.188964,-3.002781,-1.816598,-4.966247,-3.780065,-2.593882
9.926194,-4.179516,-2.996511,-1.813506,-4.956799,-3.773794,-2.590789
9.931181,-4.170059,-2.990232,-1.810404,-4.947343,-3.767515,-2.587688
9.936167,-4.160594,-2.983944,-1.807295,-4.937877,-3.761228,-2.584579
9.941153,-4.151120,-2.977649,-1.804178,-4.928404,-3.754933,-2.581461
9.946140,-4.141639,-2.971345,-1.801052,-4.918922,-3.748629,-2.578335
9.951126,-4.132149,-2.965033,-1.797918,-4.909432,-3.742317,-2.575201
9.956112,-4.122651,-2.958713,-1.794775,-4.899934,-3.735997,-2.572059
9.961099,-4.113145,-2.952385,-1.791625,-4.890428,-3.729668,-2.568908
9.966085,-4.103631,-2.946049,-1.788466,-4.880915,-3.723332,-2.565750
9.971071,-4.094110,-2.939704,-1.785299,-4.871393,-3.716988,-2.562583
9.976057,-4.084580,-2.933352,-1.782124,-4.861864,-3.710636,-2.559408
9.981044,-4.075043,-2.926992,-1.778941,-4.852327,-3.704276,-2.556224
9.986030,-4.065499,-2.920624,-1.775749,-4.842783,-3.697908,-2.553033
9.991016,-4.055948,-2.914249,-1.772550,-4.833231,-3.691532,-2.549833
9.996003,-4.046389,-2.907865,-1.769342,-4.823672,-3.685149,-2.546625
10.000989,-4.036823,-2.901474,-1.766126,-4.814106,-3.678758,-2.543409
10.005975,-4.027250,-2.895075,-1.762901,-4.804533,-3.672359,-2.540185
10.010962,-4.017670,-2.888669,-1.759669,-4.794953,-3.665953,-2.536952
10.015948,-4.008083,-2.882255,-1.756428,-4.785366,-3.659539,-2.533712
10.020934,-3.998489,-2.875834,-1.753179,-4.775773,-3.653118,-2.530463
10.025920,-3.988889,-2.869406,-1.749922,-4.766172,-3.646689,-2.527206
10.030907,-3.979282,-2.862970,-1.746657,-4.756566,-3.640253,-2.523941
10.035893,-3.969669,-2.856526,-1.743384,-4.746952,-3.633810,-2.520667
10.040879,-3.960049,-2.850076,-1.740102,-4.737333,-3.627359,-2.517386
10.045866,-3.950423,-2.843618,-1.736813,-4.727707,-3.620901,-2.514096
10.050852,-3.940791,-2.837153,-1.733515,-4.718075,-3.614436,-2.510798
10.055838,-3.931153,-2.830681,-1.730209,-4.708436,-3.607964,-2.507492
10.060824,-3.921509,-2.824202,-1.726895,-4.698792,-3.601485,-2.504178
10.065811,-3.911859,-2.817716,-1.723573,-4.689142,-3.594999,-2.500856
10.070797,-3.902203,-2.811223,-1.720242,-4.679487,-3.588506,-2.497526
10.075783,-3.892542,-2.804723,-1.716904,-4.669825,-3.582006,-2.494187
10.080770,-3.882875,-2.798216,-1.713557,-4.660158,-3.575500,-2.490841
10.085756,-3.873203,-2.791702,-1.710202,-4.650486,-3.568986,-2.487486
10.090742,-3.863525,-2.785182,-1.706840,-4.640808,-3.562466,-2.484123
10.095729,-3.853842,-2.778655,-1.703469,-4.631126,-3.555939,-2.480752
10.100715,-3.844154,-2.772122,-1.700090,-4.621437,-3.549405,-2.477373
10.105701,-3.834461,-2.765582,-1.696702,-4.611744,-3.542865,-2.473986
10.110687,-3.824763,-2.759035,-1.693307,-4.602046,-3.536318,-2.470591
10.115674,-3.815060,-2.752482,-1.689904,-4.592343,-3.529765,-2.467187
10.120660,-3.805352,-2.745922,-1.686492,-4.582636,-3.523206,-2.463776
10.125646,-3.795640,-2.739356,-1.683073,-4.572923,-3.516640,-2.460356
10.130633,-3.785923,-2.732784,-1.679645,-4.563206,-3.510068,-2.456929
10.135619,-3.776202,-2.726206,-1.676209,-4.553485,-3.503489,-2.453493
10.140605,-3.766476,-2.719621,-1.672766,-4.543759,-3.496904,-2.450049
10.145592,-3.756746,-2.713030,-1.669314,-4.534030,-3.490313,-2.446597
10.150578,-3.747012,-2.706433,-1.665854,-4.524296,-3.483716,-2.443137
10.155564,-3.737274,-2.699830,-1.662386,-4.514558,-3.477113,-2.439669
10.160550,-3.727532,-2.693221,-1.658910,-4.504815,-3.470504,-2.436193
10.165537,-3.717786,-2.686606,-1.655426,-4.495070,-3.463889,-2.432709
10.170523,-3.708037,-2.679985,-1.651934,-4.485320,-3.457269,-2.429217
10.175509,-3.698283,-2.673358,-1.648433,-4.475567,-3.450642,-2.425717
10.180496,-3.688527,-2.666726,-1.644925,-4.465810,-3.444009,-2.422209
10.185482,-3.678766,-2.660088,-1.641409,-4.456050,-3.437371,-2.418692
10.190468,-3.669003,-2.653444,-1.637885,-4.446286,-3.430727,-2.415168
10.195455,-3.659236,-2.646794,-1.634352,-4.436519,-3.424078,-2.411636
10.200441,-3.649466,-2.640139,-1.630812,-4.426750,-3.417422,-2.408095
10.205427,-3.639693,-2.633478,-1.627263,-4.416977,-3.410762,-2.404547
10.210413,-3.629917,-2.626812,-1.623707,-4.407201,-3.404096,-2.400991
10.215400,-3.620138,-2.620140,-1.620143,-4.397422,-3.397424,-2.397426
10.220386,-3.610357,-2.613464,-1.616570,-4.387641,-3.390747,-2.393854
10.225372,-3.600573,-2.606781,-1.612990,-4.377856,-3.384065,-2.390273
10.230359,-3.590786,-2.600094,-1.609401,-4.368070,-3.377377,-2.386685
10.235345,-3.580997,-2.593401,-1.605805,-4.358281,-3.370684,-2.383088
10.240331,-3.571206,-2.586703,-1.602200,-4.348489,-3.363987,-2.379484
10.245318,-3.561412,-2.580000,-1.598588,-4.338696,-3.357284,-2.375871
10.250304,-3.551616,-2.573292,-1.594967,-4.328900,-3.350575,-2.372251
10.255290,-3.541819,-2.566579,-1.591339,-4.319102,-3.343862,-2.368623
10.260276,-3.532019,-2.559861,-1.587703,-4.309302,-3.337144,-2.364986
10.265263,-3.522217,-2.553138,-1.584058,-4.299501,-3.330421,-2.361342
10.270249,-3.512414,-2.546410,-1.580406,-4.289697,-3.323693,-2.357689
10.275235,-3.502609,-2.539677,-1.576746,-4.279893,-3.316961,-2.354029
10.280222,-3.492803,-2.532940,-1.573077,-4.270086,-3.310224,-2.350361
10.285208,-3.482995,-2.526198,-1.569401,-4.260278,-3.303481,-2.346685
10.290194,-3.473186,-2.519451,-1.565717,-4.250469,-3.296735,-2.343000
10.295181,-3.463375,-2.512700,-1.562025,-4.240659,-3.289984,-2.339308
10.300167,-3.453564,-2.505944,-1.558325,-4.230847,-3.283228,-2.335608
10.305153,-3.443751,-2.499184,-1.554617,-4.221035,-3.276467,-2.331900
10.310139,-3.433937,-2.492419,-1.550901,-4.211221,-3.269703,-2.328184
10.315126,-3.424123,-2.485650,-1.547177,-4.201407,-3.262934,-2.324460
10.320112,-3.414308,-2.478877,-1.543445,-4.191592,-3.256160,-2.320729
10.325098,-3.404492,-2.472099,-1.539705,-4.181776,-3.249382,-2.316989
10.330085,-3.394676,-2.465317,-1.535958,-4.171960,-3.242600,-2.313241
10.335071,-3.384860,-2.458531,-1.532202,-4.162143,-3.235814,-2.309486
10.340057,-3.375043,-2.451741,-1.528439,-4.152326,-3.229024,-2.305722
10.345043,-3.365225,-2.444946,-1.524667,-4.142509,-3.222230,-2.301951
10.350030,-3.355408,-2.438148,-1.520888,-4.132692,-3.215432,-2.298171
10.355016,-3.345591,-2.431346,-1.517101,-4.122874,-3.208629,-2.294384
10.360002,-3.335774,-2.424540,-1.513306,-4.113057,-3.201823,-2.290589
10.364989,-3.325957,-2.417730,-1.509503,-4.103240,-3.195013,-2.286786
10.369975,-3.316140,-2.410916,-1.505692,-4.093423,-3.188199,-2.282975
10.374961,-3.306323,-2.404098,-1.501873,-4.083607,-3.181382,-2.279156
10.379948,-3.296508,-2.397277,-1.498046,-4.073791,-3.174560,-2.275330
10.384934,-3.286692,-2.390452,-1.494212,-4.063976,-3.167736,-2.271495
10.389920,-3.276878,-2.383623,-1.490369,-4.054161,-3.160907,-2.267653
10.394906,-3.267064,-2.376791,-1.486519,-4.044347,-3.154075,-2.263803
10.399893,-3.257251,-2.369956,-1.482661,-4.034534,-3.147239,-2.259944
10.404879,-3.247439,-2.363117,-1.478795,-4.024722,-3.140400,-2.256078
10.409865,-3.237628,-2.356275,-1.474921,-4.014912,-3.133558,-2.252205
10.414852,-3.227818,-2.349429,-1.471039,-4.005102,-3.126712,-2.248323
10.419838,-3.218010,-2.342580,-1.467150,-3.995293,-3.119863,-2.244433
10.424824,-3.208203,-2.335728,-1.463252,-3.985486,-3.113011,-2.240536
10.429811,-3.198397,-2.328872,-1.459347,-3.975681,-3.106156,-2.236631
10.434797,-3.188593,-2.322014,-1.455434,-3.965877,-3.099297,-2.232718
10.439783,-3.178791,-2.315152,-1.451513,-3.956075,-3.092436,-2.228797
10.444769,-3.168991,-2.308287,-1.447584,-3.946274,-3.085571,-2.224868
10.449756,-3.159192,-2.301420,-1.443648,-3.936476,-3.078703,-2.220931
10.454742,-3.149395,-2.294549,-1.439703,-3.926679,-3.071833,-2.216987
10.459728,-3.139601,-2.287676,-1.435751,-3.916884,-3.064960,-2.213035
10.464715,-3.129809,-2.280800,-1.431791,-3.907092,-3.058084,-2.209075
10.469701,-3.120019,-2.273922,-1.427824,-3.897303,-3.051205,-2.205108
10.474687,-3.110232,-2.267041,-1.423850,-3.887516,-3.044324,-2.201133
10.479674,-3.100448,-2.260158,-1.419868,-3.877731,-3.037441,-2.197151
10.484660,-3.090667,-2.253273,-1.415879,-3.867950,-3.030556,-2.193162
10.489646,-3.080889,-2.246386,-1.411883,-3.858172,-3.023669,-2.189167
10.494632,-3.071114,-2.239497,-1.407881,-3.848398,-3.016781,-2.185164
10.499619,-3.061343,-2.232607,-1.403872,-3.838627,-3.009891,-2.181155
10.504605,-3.051576,-2.225716,-1.399856,-3.828859,-3.002999,-2.177139
10.509591,-3.041813,-2.218823,-1.395834,-3.819096,-2.996107,-2.173118
10.514578,-3.032054,-2.211930,-1.391806,-3.809337,-2.989213,-2.169090
10.519564,-3.022299,-2.205035,-1.387772,-3.799582,-2.982319,-2.165056
10.524550,-3.012548,-2.198140,-1.383732,-3.789832,-2.975424,-2.161016
10.529537,-3.002803,-2.191245,-1.379686,-3.780086,-2.968528,-2.156970
10.534523,-2.993062,-2.184349,-1.375635,-3.770346,-2.961632,-2.152919
10.539509,-2.983326,-2.177453,-1.371579,-3.760610,-2.954736,-2.148862
10.544495,-2.973596,-2.170556,-1.367517,-3.750879,-2.947840,-2.144800
10.549482,-2.963871,-2.163660,-1.363450,-3.741154,-2.940944,-2.140733
10.554468,-2.954151,-2.156765,-1.359378,-3.731435,-2.934048,-2.136661
10.559454,-2.944438,-2.149869,-1.355301,-3.721721,-2.927153,-2.132584
10.564441,-2.934730,-2.142975,-1.351219,-3.712014,-2.920258,-2.128503
10.569427,-2.925028,-2.136081,-1.347133,-3.702312,-2.913364,-2.124417
10.574413,-2.915333,-2.129188,-1.343043,-3.692617,-2.906472,-2.120326
10.579399,-2.905645,-2.122296,-1.338948,-3.682928,-2.899580,-2.116232
10.584386,-2.895963,-2.115406,-1.334849,-3.673246,-2.892690,-2.112133
10.589372,-2.886287,-2.108517,-1.330747,-3.663571,-2.885801,-2.108030
10.594358,-2.876619,-2.101630,-1.326640,-3.653903,-2.878913,-2.103924
10.599345,-2.866959,-2.094744,-1.322530,-3.644242,-2.872028,-2.099813
10.604331,-2.857305,-2.087861,-1.318416,-3.634589,-2.865144,-2.095700
10.609317,-2.847660,-2.080979,-1.314299,-3.624943,-2.858263,-2.091583
10.614304,-2.838022,-2.074100,-1.310179,-3.615305,-2.851384,-2.087463
10.619290,-2.828392,-2.067224,-1.306056,-3.605675,-2.844507,-2.083339
10.624276,-2.818770,-2.060350,-1.301929,-3.596054,-2.837633,-2.079213
10.629262,-2.809157,-2.053479,-1.297800,-3.586440,-2.830762,-2.075084
10.634249,-2.799552,-2.046610,-1.293669,-3.576835,-2.823894,-2.070952
10.639235,-2.789956,-2.039745,-1.289535,-3.567239,-2.817029,-2.066818
10.644221,-2.780368,-2.032883,-1.285398,-3.557652,-2.810167,-2.062682
10.649208,-2.770790,-2.026025,-1.281260,-3.548074,-2.803309,-2.058543
10.654194,-2.761221,-2.019170,-1.277119,-3.538505,-2.796454,-2.054403
10.659180,-2.751662,-2.012319,-1.272977,-3.528946,-2.789603,-2.050260
10.664167,-2.742112,-2.005472,-1.268832,-3.519396,-2.782756,-2.046116
10.669153,-2.732572,-1.998630,-1.264687,-3.509856,-2.775913,-2.041970
10.674139,-2.723043,-1.991791,-1.260539,-3.500326,-2.769074,-2.037823
10.679125,-2.713523,-1.984957,-1.256391,-3.490806,-2.762240,-2.033674
10.684112,-2.704013,-1.978127,-1.252241,-3.481297,-2.755411,-2.029525
10.689098,-2.694515,-1.971303,-1.248090,-3.471798,-2.748586,-2.025374
10.694084,-2.685027,-1.964483,-1.243939,-3.462310,-2.741766,-2.021222
10.699071,-2.675550,-1.957668,-1.239787,-3.452833,-2.734952,-2.017070
10.704057,-2.666084,-1.950859,-1.235634,-3.443367,-2.728142,-2.012917
10.709043,-2.656629,-1.944055,-1.231481,-3.433912,-2.721338,-2.008764
10.714030,-2.647186,-1.937256,-1.227327,-3.424469,-2.714540,-2.004611
10.719016,-2.637754,-1.930464,-1.223173,-3.415038,-2.707747,-2.000457
10.724002,-2.628335,-1.923677,-1.219020,-3.405618,-2.700961,-1.996303
10.728988,-2.618927,-1.916897,-1.214867,-3.396210,-2.694180,-1.992150
10.733975,-2.609531,-1.910123,-1.210714,-3.386815,-2.687406,-1.987997
10.738961,-2.600148,-1.903355,-1.206561,-3.377432,-2.680638,-1.983845
10.743947,-2.590778,-1.896594,-1.202409,-3.368062,-2.673877,-1.979693
10.748934,-2.581420,-1.889839,-1.198258,-3.358704,-2.667123,-1.975541
10.753920,-2.572076,-1.883092,-1.194108,-3.349359,-2.660375,-1.971391
10.758906,-2.562744,-1.876351,-1.189959,-3.340027,-2.653635,-1.967242
10.763893,-2.553426,-1.869618,-1.185811,-3.330709,-2.646902,-1.963094
10.768879,-2.544121,-1.862892,-1.181664,-3.321404,-2.640176,-1.958948
10.773865,-2.534830,-1.856174,-1.177519,-3.312113,-2.633458,-1.954802
10.778851,-2.525553,-1.849464,-1.173376,-3.302836,-2.626748,-1.950659
10.783838,-2.516289,-1.842762,-1.169234,-3.293573,-2.620045,-1.946517
10.788824,-2.507040,-1.836067,-1.165094,-3.284324,-2.613351,-1.942378
10.793810,-2.497806,-1.829381,-1.160957,-3.275089,-2.606665,-1.938240
10.798797,-2.488586,-1.822704,-1.156821,-3.265870,-2.599987,-1.934105
10.803783,-2.479381,-1.816035,-1.152688,-3.256664,-2.593318,-1.929972
10.808769,-2.470191,-1.809374,-1.148558,-3.247474,-2.586658,-1.925842
10.813756,-2.461016,-1.802723,-1.144430,-3.238299,-2.580007,-1.921714
10.818742,-2.451856,-1.796081,-1.140306,-3.229140,-2.573364,-1.917589
10.823728,-2.442712,-1.789448,-1.136184,-3.219995,-2.566731,-1.913467
10.828714,-2.433583,-1.782824,-1.132065,-3.210867,-2.560108,-1.909349
10.833701,-2.424471,-1.776210,-1.127950,-3.201754,-2.553494,-1.905233
10.838687,-2.415374,-1.769606,-1.123838,-3.192658,-2.546890,-1.901121
10.843673,-2.406294,-1.763012,-1.119729,-3.183578,-2.540295,-1.897013
10.848660,-2.397230,-1.756427,-1.115624,-3.174514,-2.533711,-1.892908
10.853646,-2.388183,-1.749853,-1.111524,-3.165467,-2.527137,-1.888807
10.858632,-2.379153,-1.743290,-1.107427,-3.156436,-2.520573,-1.884710
10.863618,-2.370140,-1.736737,-1.103334,-3.147423,-2.514020,-1.880618
10.868605,-2.361143,-1.730195,-1.099246,-3.138427,-2.507478,-1.876529
10.873591,-2.352165,-1.723663,-1.095162,-3.129448,-2.500947,-1.872445
10.878577,-2.343203,-1.717143,-1.091083,-3.120487,-2.494427,-1.868366
10.883564,-2.334260,-1.710634,-1.087008,-3.111543,-2.487918,-1.864292
10.888550,-2.325334,-1.704136,-1.082938,-3.102618,-2.481420,-1.860222
10.893536,-2.316427,-1.697650,-1.078874,-3.093710,-2.474934,-1.856157
10.898523,-2.307537,-1.691176,-1.074815,-3.084821,-2.468460,-1.852098
10.903509,-2.298667,-1.684714,-1.070761,-3.075950,-2.461997,-1.848044
10.908495,-2.289815,-1.678263,-1.066712,-3.067098,-2.455547,-1.843996
10.913481,-2.280981,-1.671825,-1.062669,-3.058265,-2.449109,-1.839953
10.918468,-2.272167,-1.665400,-1.058632,-3.049450,-2.442683,-1.835916
10.923454,-2.263372,-1.658986,-1.054601,-3.040655,-2.436270,-1.831884
10.928440,-2.254596,-1.652586,-1.050576,-3.031880,-2.429870,-1.827859
10.933427,-2.245840,-1.646198,-1.046557,-3.023123,-2.423482,-1.823841
10.938413,-2.237104,-1.639824,-1.042545,-3.014387,-2.417108,-1.819828
10.943399,-2.228387,-1.633463,-1.038539,-3.005671,-2.410746,-1.815822
10.948386,-2.219691,-1.627115,-1.034539,-2.996974,-2.404399,-1.811823
10.953372,-2.211015,-1.620781,-1.030547,-2.988298,-2.398064,-1.807830
10.958358,-2.202359,-1.614460,-1.026561,-2.979643,-2.391744,-1.803845
10.963344,-2.193724,-1.608154,-1.022583,-2.971008,-2.385437,-1.799867
10.968331,-2.185110,-1.601861,-1.018612,-2.962394,-2.379145,-1.795896
10.973317,-2.176517,-1.595583,-1.014648,-2.953801,-2.372866,-1.791932
10.978303,-2.167945,-1.589319,-1.010692,-2.945229,-2.366602,-1.787976
10.983290,-2.159395,-1.583069,-1.006744,-2.936678,-2.360353,-1.784027
10.988276,-2.150866,-1.576835,-1.002803,-2.928150,-2.354118,-1.780087
10.993262,-2.142359,-1.570615,-0.998871,-2.919643,-2.347898,-1.776154
10.998249,-2.133874,-1.564410,-0.994946,-2.911157,-2.341694,-1.772230
11.003235,-2.125411,-1.558221,-0.991030,-2.902695,-2.335504,-1.768314
11.008221,-2.116970,-1.552046,-0.987122,-2.894254,-2.329330,-1.764406
11.013207,-2.108552,-1.545888,-0.983223,-2.885836,-2.323171,-1.760507
11.018194,-2.100157,-1.539745,-0.979333,-2.877440,-2.317028,-1.756617
11.023180,-2.091784,-1.533618,-0.975452,-2.869068,-2.310901,-1.752735
11.028166,-2.083435,-1.527507,-0.971579,-2.860718,-2.304790,-1.748863
11.033153,-2.075108,-1.521412,-0.967716,-2.852392,-2.298696,-1.745000
11.038139,-2.066806,-1.515334,-0.963862,-2.844089,-2.292617,-1.741146
11.043125,-2.058526,-1.509272,-0.960018,-2.835810,-2.286555,-1.737301
11.048112,-2.050271,-1.503227,-0.956183,-2.827554,-2.280510,-1.733466
11.053098,-2.042039,-1.497199,-0.952358,-2.819323,-2.274482,-1.729641
11.058084,-2.033832,-1.491187,-0.948543,-2.811116,-2.268471,-1.725826
11.063070,-2.025649,-1.485193,-0.944738,-2.802933,-2.262477,-1.722021
11.068057,-2.017491,-1.479217,-0.940943,-2.794774,-2.256500,-1.718226
11.073043,-2.009357,-1.473258,-0.937158,-2.786640,-2.250541,-1.714442
11.078029,-2.001248,-1.467316,-0.933384,-2.778532,-2.244600,-1.710668
11.083016,-1.993164,-1.461393,-0.929621,-2.770448,-2.238676,-1.706905
11.088002,-1.985106,-1.455487,-0.925869,-2.762389,-2.232771,-1.703152
11.092988,-1.977073,-1.449600,-0.922127,-2.754356,-2.226883,-1.699410
11.097975,-1.969065,-1.443731,-0.918397,-2.746349,-2.221014,-1.695680
11.102961,-1.961083,-1.437880,-0.914677,-2.738367,-2.215164,-1.691961
11.107947,-1.953128,-1.432049,-0.910970,-2.730411,-2.209332,-1.688253
11.112933,-1.945198,-1.426236,-0.907273,-2.722482,-2.203519,-1.684557
11.117920,-1.937295,-1.420442,-0.903589,-2.714579,-2.197726,-1.680872
11.122906,-1.929419,-1.414667,-0.899916,-2.706702,-2.191951,-1.677199
11.127892,-1.921569,-1.408912,-0.896255,-2.698852,-2.186196,-1.673539
11.132879,-1.913746,-1.403176,-0.892607,-2.691030,-2.180460,-1.669890
11.137865,-1.905950,-1.397460,-0.888970,-2.683234,-2.174744,-1.666254
11.142851,-1.898182,-1.391764,-0.885346,-2.675465,-2.169048,-1.662630
11.147837,-1.890441,-1.386088,-0.881735,-2.667724,-2.163371,-1.659018
11.152824,-1.882727,-1.380432,-0.878136,-2.660011,-2.157715,-1.655420
11.157810,-1.875042,-1.374796,-0.874551,-2.652325,-2.152080,-1.651834
11.162796,-1.867384,-1.369181,-0.870978,-2.644668,-2.146464,-1.648261
11.167783,-1.859755,-1.363586,-0.867418,-2.637038,-2.140870,-1.644702
11.172769,-1.852154,-1.358013,-0.863872,-2.629437,-2.135296,-1.641156
11.177755,-1.844581,-1.352460,-0.860339,-2.621865,-2.129744,-1.637623
11.182742,-1.837038,-1.346929,-0.856820,-2.614321,-2.124212,-1.634104
11.187728,-1.829523,-1.341419,-0.853315,-2.606806,-2.118702,-1.630598
11.192714,-1.822037,-1.335930,-0.849823,-2.599321,-2.113214,-1.627107
11.197700,-1.814581,-1.330463,-0.846346,-2.591864,-2.107747,-1.623629
11.202687,-1.807154,-1.325018,-0.842882,-2.584438,-2.102302,-1.620166
11.207673,-1.799757,-1.319595,-0.839433,-2.577040,-2.096879,-1.616717
11.212659,-1.792390,-1.314194,-0.835999,-2.569673,-2.091478,-1.613282
11.217646,-1.785052,-1.308816,-0.832579,-2.562336,-2.086099,-1.609863
11.222632,-1.777745,-1.303460,-0.829174,-2.555029,-2.080743,-1.606457
11.227618,-1.770469,-1.298126,-0.825784,-2.547752,-2.075410,-1.603067
11.232605,-1.763223,-1.292816,-0.822409,-2.540506,-2.070099,-1.599692
11.237591,-1.756007,-1.287528,-0.819049,-2.533291,-2.064812,-1.596333
11.242577,-1.748823,-1.282264,-0.815705,-2.526106,-2.059547,-1.592988
11.247563,-1.741670,-1.277023,-0.812376,-2.518953,-2.054306,-1.589659
11.252550,-1.734548,-1.271805,-0.809063,-2.511831,-2.049089,-1.586346
11.257536,-1.727458,-1.266611,-0.805765,-2.504741,-2.043895,-1.583049
11.262522,-1.720399,-1.261441,-0.802484,-2.497682,-2.038725,-1.579767
11.267509,-1.713372,-1.256295,-0.799218,-2.490656,-2.033579,-1.576502
11.272495,-1.706377,-1.251173,-0.795969,-2.483661,-2.028457,-1.573253
11.277481,-1.699415,-1.246076,-0.792737,-2.476698,-2.023359,-1.570020
11.282468,-1.692485,-1.241003,-0.789521,-2.469768,-2.018286,-1.566804
11.287454,-1.685587,-1.235954,-0.786321,-2.462871,-2.013238,-1.563605
11.292440,-1.678723,-1.230931,-0.783139,-2.456006,-2.008214,-1.560422
11.297426,-1.671891,-1.225932,-0.779973,-2.449174,-2.003216,-1.557257
11.302413,-1.665093,-1.220959,-0.776825,-2.442376,-1.998242,-1.554109
11.307399,-1.658327,-1.216011,-0.773694,-2.435611,-1.993294,-1.550977
11.312385,-1.651596,-1.211088,-0.770580,-2.428879,-1.988372,-1.547864
11.317372,-1.644898,-1.206191,-0.767484,-2.422181,-1.983474,-1.544768
11.322358,-1.638234,-1.201320,-0.764406,-2.415517,-1.978603,-1.541689
11.327344,-1.631604,-1.196475,-0.761345,-2.408887,-1.973758,-1.538629
11.332331,-1.625008,-1.191656,-0.758303,-2.402291,-1.968939,-1.535587
11.337317,-1.618447,-1.186863,-0.755279,-2.395730,-1.964146,-1.532562
11.342303,-1.611920,-1.182096,-0.752273,-2.389204,-1.959380,-1.529556
11.347289,-1.605428,-1.177357,-0.749286,-2.382712,-1.954640,-1.526569
11.352276,-1.598971,-1.172644,-0.746317,-2.376255,-1.949928,-1.523600
11.357262,-1.592550,-1.167958,-0.743367,-2.369833,-1.945242,-1.520650
11.362248,-1.586163,-1.163300,-0.740436,-2.363447,-1.940583,-1.517719
11.367235,-1.579813,-1.158668,-0.737524,-2.357096,-1.935952,-1.514807
11.372221,-1.573498,-1.154064,-0.734631,-2.350781,-1.931348,-1.511914
11.377207,-1.567219,-1.149488,-0.731757,-2.344502,-1.926772,-1.509041
11.382193,-1.560976,-1.144939,-0.728903,-2.338259,-1.922223,-1.506187
11.387180,-1.554769,-1.140419,-0.726069,-2.332053,-1.917703,-1.503353
11.392166,-1.548599,-1.135927,-0.723255,-2.325882,-1.913210,-1.500538
11.397152,-1.542465,-1.131463,-0.720460,-2.319749,-1.908746,-1.497744
11.402139,-1.536368,-1.127027,-0.717686,-2.313652,-1.904311,-1.494969
11.407125,-1.530309,-1.122620,-0.714931,-2.307592,-1.899904,-1.492215
11.412111,-1.524286,-1.118242,-0.712198,-2.301570,-1.895525,-1.489481
11.417098,-1.518301,-1.113893,-0.709484,-2.295585,-1.891176,-1.486768
11.422084,-1.512354,-1.109573,-0.706792,-2.289637,-1.886856,-1.484075
11.427070,-1.506444,-1.105282,-0.704120,-2.283727,-1.882565,-1.481403
11.432056,-1.500572,-1.101021,-0.701469,-2.277855,-1.878304,-1.478753
11.437043,-1.494738,-1.096789,-0.698840,-2.272022,-1.874072,-1.476123
11.442029,-1.488943,-1.092587,-0.696231,-2.266226,-1.869871,-1.473515
11.447015,-1.483186,-1.088415,-0.693644,-2.260469,-1.865698,-1.470928
11.452002,-1.477467,-1.084273,-0.691079,-2.254751,-1.861557,-1.468363
11.456988,-1.471788,-1.080162,-0.688535,-2.249071,-1.857445,-1.465819
11.461974,-1.466148,-1.076081,-0.686014,-2.243431,-1.853364,-1.463297
11.466961,-1.460546,-1.072030,-0.683514,-2.237830,-1.849314,-1.460797
11.471947,-1.454985,-1.068010,-0.681036,-2.232268,-1.845294,-1.458320
11.476933,-1.449462,-1.064022,-0.678581,-2.226746,-1.841305,-1.455864
11.481919,-1.443980,-1.060064,-0.676148,-2.221264,-1.837348,-1.453432
11.486906,-1.438538,-1.056138,-0.673738,-2.215821,-1.833421,-1.451021
11.491892,-1.433135,-1.052243,-0.671350,-2.210419,-1.829526,-1.448634
11.496878,-1.427773,-1.048380,-0.668986,-2.205057,-1.825663,-1.446269
11.501865,-1.422452,-1.044548,-0.666644,-2.199735,-1.821832,-1.443928
11.506851,-1.417171,-1.040749,-0.664326,-2.194455,-1.818032,-1.441610
11.511837,-1.411931,-1.036981,-0.662031,-2.189215,-1.814265,-1.439314
11.516824,-1.406733,-1.033246,-0.659760,-2.184016,-1.810530,-1.437043
11.521810,-1.401575,-1.029543,-0.657512,-2.178858,-1.806827,-1.434795
11.526796,-1.396459,-1.025873,-0.655288,-2.173742,-1.803157,-1.432571
11.531782,-1.391384,-1.022236,-0.653087,-2.168668,-1.799519,-1.430371
11.536769,-1.386351,-1.018631,-0.650911,-2.163635,-1.795915,-1.428195
11.541755,-1.381361,-1.015060,-0.648760,-2.158644,-1.792344,-1.426043
11.546741,-1.376412,-1.011522,-0.646632,-2.153696,-1.788806,-1.423916
11.551728,-1.371506,-1.008017,-0.644529,-2.148789,-1.785301,-1.421813
11.556714,-1.366642,-1.004546,-0.642451,-2.143925,-1.781830,-1.419734
11.561700,-1.361821,-1.001109,-0.640398,-2.139105,-1.778393,-1.417681
11.566687,-1.357043,-0.997706,-0.638369,-2.134326,-1.774989,-1.415653
11.571673,-1.352308,-0.994337,-0.636366,-2.129591,-1.771620,-1.413649
11.576659,-1.347616,-0.991002,-0.634388,-2.124899,-1.768285,-1.411671
11.581645,-1.342968,-0.987701,-0.632435,-2.120251,-1.764985,-1.409719
11.586632,-1.338363,-0.984435,-0.630508,-2.115646,-1.761719,-1.407791
11.591618,-1.333802,-0.981204,-0.628606,-2.111086,-1.758488,-1.405890
11.596604,-1.329285,-0.978008,-0.626731,-2.106569,-1.755291,-1.404014
11.601591,-1.324813,-0.974847,-0.624881,-2.102096,-1.752131,-1.402165
11.606577,-1.320384,-0.971721,-0.623058,-2.097668,-1.749004,-1.400341
11.611563,-1.316001,-0.968631,-0.621261,-2.093284,-1.745914,-1.398544
11.616550,-1.311661,-0.965576,-0.619490,-2.088945,-1.742859,-1.396773
11.621536,-1.307367,-0.962557,-0.617746,-2.084651,-1.739840,-1.395029
11.626522,-1.303118,-0.959573,-0.616028,-2.080402,-1.736857,-1.393312
11.631508,-1.298914,-0.956626,-0.614338,-2.076198,-1.733910,-1.391621
11.636495,-1.294756,-0.953715,-0.612675,-2.072040,-1.730999,-1.389958
11.641481,-1.290644,-0.950841,-0.611038,-2.067927,-1.728124,-1.388322
11.646467,-1.286577,-0.948003,-0.609429,-2.063861,-1.725287,-1.386713
11.651454,-1.282556,-0.945202,-0.607848,-2.059840,-1.722485,-1.385131
11.656440,-1.278582,-0.942438,-0.606294,-2.055865,-1.719721,-1.383578
11.661426,-1.274653,-0.939711,-0.604768,-2.051937,-1.716994,-1.382051
11.666412,-1.270772,-0.937021,-0.603270,-2.048056,-1.714304,-1.380553
11.671399,-1.266937,-0.934368,-0.601799,-2.044220,-1.711652,-1.379083
11.676385,-1.263149,-0.931753,-0.600357,-2.040432,-1.709036,-1.377641
11.681371,-1.259406,-0.929174,-0.598942,-2.036690,-1.706458,-1.376226
11.686358,-1.255710,-0.926633,-0.597556,-2.032994,-1.703917,-1.374839
11.691344,-1.252060,-0.924128,-0.596196,-2.029344,-1.701412,-1.373480
11.696330,-1.248456,-0.921660,-0.594865,-2.025740,-1.698944,-1.372148
11.701317,-1.244898,-0.919229,-0.593560,-2.022182,-1.696513,-1.370844
11.706303,-1.241385,-0.916834,-0.592283,-2.018669,-1.694118,-1.369567
11.711289,-1.237918,-0.914476,-0.591034,-2.015202,-1.691760,-1.368317
11.716275,-1.234496,-0.912154,-0.589811,-2.011780,-1.689437,-1.367094
11.721262,-1.231120,-0.909868,-0.588616,-2.008404,-1.687151,-1.365899
11.726248,-1.227788,-0.907618,-0.587447,-2.005072,-1.684901,-1.364731
11.731234,-1.224502,-0.905404,-0.586306,-2.001786,-1.682687,-1.363589
11.736221,-1.221260,-0.903225,-0.585191,-1.998543,-1.680509,-1.362474
11.741207,-1.218063,-0.901083,-0.584103,-1.995347,-1.678366,-1.361386
11.746193,-1.214910,-0.898976,-0.583041,-1.992194,-1.676259,-1.360325
11.751180,-1.211802,-0.896904,-0.582007,-1.989086,-1.674188,-1.359290
11.756166,-1.208738,-0.894868,-0.580998,-1.986021,-1.672151,-1.358282
11.761152,-1.205718,-0.892867,-0.580016,-1.983001,-1.670151,-1.357300
11.766138,-1.202742,-0.890901,-0.579060,-1.980025,-1.668185,-1.356344
11.771125,-1.199809,-0.888970,-0.578131,-1.977093,-1.666254,-1.355414
11.776111,-1.196921,-0.887074,-0.577227,-1.974204,-1.664358,-1.354511
11.781097,-1.194076,-0.885213,-0.576350,-1.971359,-1.662496,-1.353633
11.786084,-1.191274,-0.883386,-0.575498,-1.968558,-1.660670,-1.352782
11.791070,-1.188515,-0.881594,-0.574673,-1.965799,-1.658877,-1.351956
11.796056,-1.185800,-0.879836,-0.573873,-1.963084,-1.657120,-1.351156
11.801043,-1.183127,-0.878113,-0.573098,-1.960411,-1.655396,-1.350382
11.806029,-1.180498,-0.876424,-0.572350,-1.957781,-1.653707,-1.349633
11.811015,-1.177911,-0.874769,-0.571626,-1.955194,-1.652052,-1.348910
11.816001,-1.175366,-0.873148,-0.570929,-1.952650,-1.650431,-1.348212
11.820988,-1.172864,-0.871560,-0.570256,-1.950148,-1.648844,-1.347540
11.825974,-1.170404,-0.870007,-0.569609,-1.947688,-1.647290,-1.346893
11.830960,-1.167986,-0.868487,-0.568987,-1.945270,-1.645770,-1.346270
11.835947,-1.165611,-0.867000,-0.568390,-1.942894,-1.644284,-1.345673
11.840933,-1.163277,-0.865547,-0.567818,-1.940560,-1.642831,-1.345101
11.845919,-1.160984,-0.864127,-0.567270,-1.938268,-1.641411,-1.344554
11.850906,-1.158733,-0.862741,-0.566748,-1.936017,-1.640024,-1.344031
11.855892,-1.156524,-0.861387,-0.566250,-1.933807,-1.638670,-1.343533
11.860878,-1.154356,-0.860066,-0.565777,-1.931639,-1.637350,-1.343060
11.865864,-1.152229,-0.858778,-0.565328,-1.929512,-1.636062,-1.342611
11.870851,-1.150143,-0.857523,-0.564904,-1.927426,-1.634807,-1.342187
11.875837,-1.148097,-0.856300,-0.564504,-1.925381,-1.633584,-1.341787
11.880823,-1.146093,-0.855111,-0.564128,-1.923377,-1.632394,-1.341412
11.885810,-1.144129,-0.853952,-0.563776,-1.921412,-1.631236,-1.341060
11.890796,-1.142205,-0.852827,-0.563449,-1.919489,-1.630111,-1.340733
11.895782,-1.140322,-0.851734,-0.563145,-1.917605,-1.629017,-1.340429
11.900768,-1.138479,-0.850672,-0.562866,-1.915762,-1.627956,-1.340150
11.905755,-1.136675,-0.849643,-0.562610,-1.913959,-1.626926,-1.339894
11.910741,-1.134912,-0.848645,-0.562378,-1.912195,-1.625928,-1.339662
11.915727,-1.133188,-0.847679,-0.562170,-1.910472,-1.624962,-1.339453
11.920714,-1.131504,-0.846744,-0.561985,-1.908787,-1.624028,-1.339268
11.925700,-1.129859,-0.845841,-0.561823,-1.907143,-1.623125,-1.339107
11.930686,-1.128254,-0.844969,-0.561685,-1.905537,-1.622253,-1.338968
11.935673,-1.126688,-0.844129,-0.561570,-1.903971,-1.621413,-1.338854
11.940659,-1.125160,-0.843319,-0.561478,-1.902443,-1.620603,-1.338762
11.945645,-1.123672,-0.842541,-0.561410,-1.900955,-1.619825,-1.338694
11.950631,-1.122221,-0.841793,-0.561364,-1.899505,-1.619076,-1.338648
11.955618,-1.120811,-0.841076,-0.561342,-1.898094,-1.618360,-1.338626
11.960604,-1.119437,-0.840390,-0.561342,-1.896721,-1.617673,-1.338625
11.965590,-1.118104,-0.839734,-0.561365,-1.895387,-1.617018,-1.338649
11.970577,-1.116807,-0.839108,-0.561410,-1.894090,-1.616392,-1.338694
11.975563,-1.115549,-0.838514,-0.561479,-1.892832,-1.615797,-1.338762
11.980549,-1.114328,-0.837949,-0.561569,-1.891611,-1.615232,-1.338853
11.985536,-1.113145,-0.837414,-0.561682,-1.890429,-1.614697,-1.338966
11.990522,-1.112000,-0.836909,-0.561818,-1.889284,-1.614192,-1.339101
11.995508,-1.110892,-0.836433,-0.561975,-1.888175,-1.613717,-1.339258
12.000494,-1.109822,-0.835988,-0.562155,-1.887105,-1.613272,-1.339438
12.005481,-1.108788,-0.835572,-0.562356,-1.886071,-1.612855,-1.339639
12.010467,-1.107792,-0.835186,-0.562580,-1.885076,-1.612470,-1.339864
12.015453,-1.106832,-0.834828,-0.562825,-1.884116,-1.612112,-1.340108
12.020440,-1.105911,-0.834502,-0.563093,-1.883194,-1.611785,-1.340377
12.025426,-1.105023,-0.834202,-0.563381,-1.882307,-1.611486,-1.340664
12.030412,-1.104173,-0.833932,-0.563691,-1.881456,-1.611215,-1.340975
12.035399,-1.103346,-0.833680,-0.564013,-1.880630,-1.610963,-1.341297
12.040385,-1.102593,-0.833489,-0.564385,-1.879877,-1.610773,-1.341668
12.045371,-1.101878,-0.833328,-0.564777,-1.879162,-1.610611,-1.342061
12.050357,-1.101175,-0.833173,-0.565171,-1.878459,-1.610456,-1.342454
12.055344,-1.100493,-0.833034,-0.565574,-1.877777,-1.610317,-1.342858
12.060330,-1.099842,-0.832920,-0.565997,-1.877126,-1.610203,-1.343281
12.065316,-1.099231,-0.832840,-0.566449,-1.876515,-1.610124,-1.343732
12.070303,-1.098669,-0.832803,-0.566938,-1.875953,-1.610087,-1.344221
12.075289,-1.098152,-0.832805,-0.567458,-1.875436,-1.610089,-1.344741
12.080275,-1.097656,-0.832816,-0.567975,-1.874940,-1.610099,-1.345259
12.085262,-1.097186,-0.832839,-0.568492,-1.874470,-1.610123,-1.345776
12.090248,-1.096762,-0.832906,-0.569050,-1.874045,-1.610189,-1.346333
12.095234,-1.096382,-0.833013,-0.569645,-1.873665,-1.610297,-1.346928
12.100220,-1.096041,-0.833155,-0.570269,-1.873324,-1.610438,-1.347553
12.105207,-1.095734,-0.833325,-0.570916,-1.873018,-1.610609,-1.348199
12.110193,-1.095459,-0.833518,-0.571577,-1.872742,-1.610801,-1.348861
12.115179,-1.095208,-0.833727,-0.572246,-1.872492,-1.611011,-1.349529
12.120166,-1.094979,-0.833947,-0.572914,-1.872263,-1.611230,-1.350198
12.125152,-1.094767,-0.834171,-0.573575,-1.872051,-1.611454,-1.350858
12.130138,-1.094590,-0.834421,-0.574252,-1.871874,-1.611704,-1.351535
12.135125,-1.094465,-0.834717,-0.574969,-1.871748,-1.612001,-1.352253
12.140111,-1.094388,-0.835056,-0.575724,-1.871671,-1.612339,-1.353007
12.145097,-1.094356,-0.835434,-0.576512,-1.871639,-1.612718,-1.353796
12.150083,-1.094365,-0.835848,-0.577331,-1.871648,-1.613132,-1.354615
12.155070,-1.094412,-0.836295,-0.578178,-1.871695,-1.613578,-1.355461
12.160056,-1.094493,-0.836770,-0.579048,-1.871777,-1.614054,-1.356331
12.165042,-1.094606,-0.837272,-0.579938,-1.871889,-1.614555,-1.357222
12.170029,-1.094745,-0.837796,-0.580846,-1.872029,-1.615079,-1.358129
12.175015,-1.094909,-0.838338,-0.581767,-1.872193,-1.615622,-1.359051
12.180001,-1.095094,-0.838896,-0.582699,-1.872377,-1.616180,-1.359982
12.184987,-1.095295,-0.839466,-0.583638,-1.872578,-1.616750,-1.360922
12.189974,-1.095510,-0.840045,-0.584581,-1.872793,-1.617329,-1.361864
12.194960,-1.095734,-0.840629,-0.585524,-1.873018,-1.617913,-1.362808
12.199946,-1.095966,-0.841215,-0.586465,-1.873249,-1.618499,-1.363748
12.204933,-1.096277,-0.841867,-0.587457,-1.873560,-1.619150,-1.364740
12.209919,-1.096670,-0.842586,-0.588503,-1.873953,-1.619870,-1.365786
12.214905,-1.097068,-0.843309,-0.589549,-1.874352,-1.620592,-1.366833
12.219892,-1.097499,-0.844057,-0.590615,-1.874782,-1.621340,-1.367898
12.224878,-1.097968,-0.844835,-0.591702,-1.875252,-1.622119,-1.368986
12.229864,-1.098466,-0.845637,-0.592807,-1.875750,-1.622920,-1.370091
12.234850,-1.098990,-0.846459,-0.593927,-1.876273,-1.623742,-1.371211
12.239837,-1.099538,-0.847300,-0.595062,-1.876822,-1.624584,-1.372346
12.244823,-1.100113,-0.848162,-0.596211,-1.877397,-1.625445,-1.373494
12.249809,-1.100729,-0.849057,-0.597385,-1.878012,-1.626340,-1.374668
12.254796,-1.101368,-0.849972,-0.598576,-1.878651,-1.627255,-1.375860
12.259782,-1.101961,-0.850872,-0.599782,-1.879245,-1.628155,-1.377066
12.264768,-1.102782,-0.851896,-0.601011,-1.880065,-1.629180,-1.378294
12.269755,-1.103802,-0.853032,-0.602263,-1.881086,-1.630316,-1.379546
12.274741,-1.104847,-0.854191,-0.603535,-1.882130,-1.631475,-1.380819
12.279727,-1.105915,-0.855372,-0.604828,-1.883199,-1.632655,-1.382111
12.284713,-1.107007,-0.856574,-0.606141,-1.884291,-1.633858,-1.383424
12.289700,-1.108123,-0.857798,-0.607473,-1.885406,-1.635081,-1.384757
12.294686,-1.109261,-0.859043,-0.608825,-1.886544,-1.636327,-1.386109
12.299672,-1.110422,-0.860309,-0.610197,-1.887705,-1.637593,-1.387480
12.304659,-1.111606,-0.861597,-0.611587,-1.888889,-1.638880,-1.388871
12.309645,-1.112812,-0.862904,-0.612997,-1.890095,-1.640188,-1.390280
12.314631,-1.114040,-0.864232,-0.614425,-1.891323,-1.641516,-1.391708
12.319618,-1.115289,-0.865580,-0.615871,-1.892573,-1.642864,-1.393155
12.324604,-1.116561,-0.866948,-0.617336,-1.893844,-1.644232,-1.394619
12.329590,-1.117854,-0.868336,-0.618818,-1.895137,-1.645619,-1.396102
12.334576,-1.119167,-0.869743,-0.620318,-1.896451,-1.647026,-1.397602
12.339563,-1.120502,-0.871169,-0.621836,-1.897785,-1.648453,-1.399120
12.344549,-1.121857,-0.872614,-0.623371,-1.899141,-1.649897,-1.400654
12.349535,-1.123233,-0.874078,-0.624922,-1.900516,-1.651361,-1.402206
12.354522,-1.124628,-0.875560,-0.626491,-1.901912,-1.652843,-1.403774
12.359508,-1.126044,-0.877060,-0.628076,-1.903327,-1.654343,-1.405359
12.364494,-1.127479,-0.878578,-0.629677,-1.904762,-1.655861,-1.406960
12.369481,-1.128933,-0.880114,-0.631294,-1.906217,-1.657397,-1.408578
12.374467,-1.130407,-0.881667,-0.632927,-1.907690,-1.658950,-1.410210
12.379453,-1.131899,-0.883237,-0.634575,-1.909183,-1.660521,-1.411859
12.384439,-1.133410,-0.884825,-0.636239,-1.910694,-1.662108,-1.413523
12.389426,-1.134940,-0.886429,-0.637918,-1.912223,-1.663712,-1.415201
12.394412,-1.136487,-0.888049,-0.639612,-1.913771,-1.665333,-1.416895
12.399398,-1.138053,-0.889686,-0.641320,-1.915336,-1.666970,-1.418603
12.404385,-1.139636,-0.891339,-0.643042,-1.916919,-1.668622,-1.420326
12.409371,-1.141236,-0.893007,-0.644779,-1.918519,-1.670291,-1.422062
12.414357,-1.142853,-0.894691,-0.646530,-1.920137,-1.671975,-1.423813
12.419344,-1.144488,-0.896391,-0.648294,-1.921771,-1.673674,-1.425577
12.424330,-1.146139,-0.898105,-0.650071,-1.923422,-1.675389,-1.427355
12.429316,-1.147806,-0.899834,-0.651862,-1.925090,-1.677118,-1.429146
12.434302,-1.149490,-0.901578,-0.653666,-1.926774,-1.678861,-1.430949
12.439289,-1.151190,-0.903336,-0.655482,-1.928473,-1.680619,-1.432766
12.444275,-1.152905,-0.905108,-0.657311,-1.930188,-1.682391,-1.434594
12.449261,-1.154635,-0.906894,-0.659152,-1.931919,-1.684177,-1.436435
12.454248,-1.156381,-0.908693,-0.661005,-1.933665,-1.685977,-1.438289
12.459234,-1.158142,-0.910506,-0.662870,-1.935425,-1.687789,-1.440153
12.464220,-1.159917,-0.912332,-0.664746,-1.937201,-1.689615,-1.442030
12.469206,-1.161707,-0.914170,-0.666634,-1.938991,-1.691454,-1.443917
12.474193,-1.163511,-0.916022,-0.668532,-1.940795,-1.693305,-1.445816
12.479179,-1.165329,-0.917885,-0.670442,-1.942613,-1.695169,-1.447725
12.484165,-1.167161,-0.919761,-0.672361,-1.944444,-1.697045,-1.449645
12.489152,-1.169006,-0.921649,-0.674292,-1.946289,-1.698932,-1.451575
12.494138,-1.170864,-0.923548,-0.676232,-1.948148,-1.700832,-1.453516
12.499124,-1.172735,-0.925459,-0.678182,-1.950019,-1.702742,-1.455466
12.504111,-1.174619,-0.927381,-0.680142,-1.951903,-1.704664,-1.457426
12.509097,-1.176516,-0.929313,-0.682111,-1.953799,-1.706597,-1.459395
12.514083,-1.178424,-0.931257,-0.684090,-1.955708,-1.708540,-1.461373
12.519069,-1.180345,-0.933211,-0.686077,-1.957628,-1.710494,-1.463360
12.524056,-1.182277,-0.935175,-0.688073,-1.959561,-1.712458,-1.465356
12.529042,-1.184221,-0.937149,-0.690077,-1.961505,-1.714433,-1.467360
12.534028,-1.186176,-0.939133,-0.692089,-1.963460,-1.716416,-1.469373
12.539015,-1.188142,-0.941126,-0.694110,-1.965426,-1.718410,-1.471393
12.544001,-1.190119,-0.943129,-0.696138,-1.967402,-1.720412,-1.473422
12.548987,-1.192106,-0.945140,-0.698174,-1.969390,-1.722424,-1.475457
12.553974,-1.194104,-0.947160,-0.700217,-1.971387,-1.724444,-1.477500
12.558960,-1.196111,-0.949189,-0.702267,-1.973395,-1.726472,-1.479550
12.563946,-1.198129,-0.951226,-0.704323,-1.975412,-1.728509,-1.481607
12.568932,-1.200155,-0.953271,-0.706386,-1.977439,-1.730554,-1.483670
12.573919,-1.202192,-0.955324,-0.708456,-1.979475,-1.732607,-1.485739
12.578905,-1.204237,-0.957384,-0.710531,-1.981520,-1.734668,-1.487815
12.583891,-1.206290,-0.959452,-0.712613,-1.983574,-1.736735,-1.489896
12.588878,-1.208353,-0.961526,-0.714700,-1.985636,-1.738810,-1.491983
12.593864,-1.210424,-0.963608,-0.716792,-1.987707,-1.740891,-1.494076
12.598850,-1.212502,-0.965696,-0.718889,-1.989786,-1.742979,-1.496173
12.603837,-1.214589,-0.967790,-0.720992,-1.991872,-1.745074,-1.498275
12.608823,-1.216683,-0.969891,-0.723099,-1.993966,-1.747174,-1.500382
12.613809,-1.218784,-0.971997,-0.725210,-1.996068,-1.749281,-1.502494
12.618795,-1.220893,-0.974109,-0.727325,-1.998176,-1.751393,-1.504609
12.623782,-1.223008,-0.976226,-0.729445,-2.000291,-1.753510,-1.506728
12.628768,-1.225130,-0.978349,-0.731568,-2.002413,-1.755632,-1.508852
12.633754,-1.227358,-0.980545,-0.733733,-2.004641,-1.757829,-1.511016
12.638741,-1.229754,-0.982858,-0.735963,-2.007038,-1.760142,-1.513246
12.643727,-1.232286,-0.985266,-0.738246,-2.009569,-1.762549,-1.515530
12.648713,-1.234920,-0.987745,-0.740570,-2.012203,-1.765029,-1.517854
12.653700,-1.237623,-0.990273,-0.742923,-2.014907,-1.767557,-1.520207
12.658686,-1.240363,-0.992828,-0.745292,-2.017647,-1.770111,-1.522576
12.663672,-1.243106,-0.995386,-0.747665,-2.020390,-1.772669,-1.524949
12.668658,-1.245820,-0.997925,-0.750030,-2.023103,-1.775208,-1.527313
12.673645,-1.248484,-1.000432,-0.752379,-2.025767,-1.777715,-1.529663
12.678631,-1.251171,-1.002957,-0.754743,-2.028455,-1.780241,-1.532027
12.683617,-1.253882,-1.005502,-0.757121,-2.031166,-1.782785,-1.534404
12.688604,-1.256607,-1.008056,-0.759506,-2.033890,-1.785340,-1.536789
12.693590,-1.259346,-1.010623,-0.761899,-2.036630,-1.787906,-1.539182
12.698576,-1.262102,-1.013201,-0.764301,-2.039385,-1.790485,-1.541585
12.703562,-1.264874,-1.015794,-0.766713,-2.042158,-1.793077,-1.543997
12.708549,-1.267653,-1.018390,-0.769127,-2.044936,-1.795674,-1.546411
12.713535,-1.270439,-1.020992,-0.771545,-2.047723,-1.798276,-1.548829
12.718521,-1.273256,-1.023618,-0.773980,-2.050539,-1.800902,-1.551264
12.723508,-1.276125,-1.026287,-0.776448,-2.053409,-1.803570,-1.553731
12.728494,-1.279053,-1.029001,-0.778949,-2.056336,-1.806285,-1.556233
12.733480,-1.281997,-1.031728,-0.781460,-2.059281,-1.809012,-1.558743
12.738467,-1.284954,-1.034466,-0.783977,-2.062238,-1.811749,-1.561260
12.743453,-1.287925,-1.037213,-0.786501,-2.065209,-1.814496,-1.563784
12.748439,-1.290909,-1.039970,-0.789031,-2.068192,-1.817253,-1.566314
12.753425,-1.293905,-1.042736,-0.791567,-2.071188,-1.820020,-1.568851
12.758412,-1.296914,-1.045512,-0.794110,-2.074197,-1.822795,-1.571394
12.763398,-1.299935,-1.048297,-0.796659,-2.077219,-1.825581,-1.573943
12.768384,-1.302968,-1.051091,-0.799215,-2.080252,-1.828375,-1.576498
12.773371,-1.306014,-1.053895,-0.801776,-2.083297,-1.831178,-1.579059
12.778357,-1.309071,-1.056707,-0.804343,-2.086354,-1.833991,-1.581627
12.783343,-1.312139,-1.059528,-0.806917,-2.089423,-1.836812,-1.584200
12.788330,-1.315219,-1.062358,-0.809496,-2.092503,-1.839641,-1.586779
12.793316,-1.318311,-1.065196,-0.812081,-2.095594,-1.842479,-1.589364
12.798302,-1.321413,-1.068042,-0.814671,-2.098696,-1.845325,-1.591955
12.803288,-1.324525,-1.070896,-0.817267,-2.101809,-1.848180,-1.594551
12.808275,-1.327649,-1.073759,-0.819869,-2.104932,-1.851042,-1.597152
12.813261,-1.330782,-1.076629,-0.822476,-2.108066,-1.853913,-1.599759
12.818247,-1.333926,-1.079507,-0.825088,-2.111210,-1.856791,-1.602372
12.823234,-1.337080,-1.082393,-0.827706,-2.114364,-1.859677,-1.604989
12.828220,-1.340244,-1.085286,-0.830329,-2.117527,-1.862570,-1.607612
12.833206,-1.343417,-1.088187,-0.832957,-2.120700,-1.865470,-1.610240
12.838193,-1.346599,-1.091094,-0.835590,-2.123883,-1.868378,-1.612873
12.843179,-1.349791,-1.094009,-0.838227,-2.127074,-1.871293,-1.615511
12.848165,-1.352991,-1.096931,-0.840870,-2.130275,-1.874214,-1.618154
12.853151,-1.356200,-1.099859,-0.843518,-2.133484,-1.877142,-1.620801
12.858138,-1.359418,-1.102794,-0.846170,-2.136702,-1.880077,-1.623453
12.863124,-1.362644,-1.105735,-0.848826,-2.139928,-1.883019,-1.626110
12.868110,-1.365878,-1.108683,-0.851488,-2.143162,-1.885967,-1.628771
12.873097,-1.369121,-1.111637,-0.854153,-2.146404,-1.888920,-1.631437
12.878083,-1.372370,-1.114597,-0.856823,-2.149654,-1.891880,-1.634107
12.883069,-1.375628,-1.117563,-0.859498,-2.152911,-1.894846,-1.636781
12.888056,-1.378893,-1.120534,-0.862176,-2.156176,-1.897818,-1.639460
12.893042,-1.382164,-1.123512,-0.864859,-2.159448,-1.900795,-1.642142
12.898028,-1.385443,-1.126494,-0.867545,-2.162727,-1.903778,-1.644829
12.903014,-1.388729,-1.129482,-0.870236,-2.166012,-1.906766,-1.647520
12.908001,-1.392021,-1.132476,-0.872930,-2.169304,-1.909759,-1.650214
12.912987,-1.395319,-1.135474,-0.875629,-2.172602,-1.912757,-1.652912
12.917973,-1.398623,-1.138477,-0.878331,-2.175907,-1.915761,-1.655614
12.922960,-1.402001,-1.141535,-0.881069,-2.179284,-1.918818,-1.658353
12.927946,-1.405435,-1.144636,-0.883836,-2.182719,-1.921919,-1.661120
12.932932,-1.408858,-1.147727,-0.886597,-2.186141,-1.925011,-1.663881
12.937919,-1.412290,-1.150827,-0.889363,-2.189574,-1.928110,-1.666647
12.942905,-1.415733,-1.153934,-0.892135,-2.193017,-1.931217,-1.669418
12.947891,-1.419187,-1.157049,-0.894912,-2.196470,-1.934333,-1.672195
12.952877,-1.422650,-1.160172,-0.897694,-2.199934,-1.937456,-1.674978
12.957864,-1.426124,-1.163303,-0.900481,-2.203408,-1.940586,-1.677765
12.962850,-1.429608,-1.166441,-0.903274,-2.206892,-1.943724,-1.680557
12.967836,-1.433102,-1.169587,-0.906071,-2.210386,-1.946870,-1.683354
12.972823,-1.436605,-1.172739,-0.908873,-2.213888,-1.950022,-1.686156
12.977809,-1.440109,-1.175892,-0.911675,-2.217393,-1.953176,-1.688959
12.982795,-1.443646,-1.179070,-0.914494,-2.220930,-1.956353,-1.691777
12.987781,-1.447209,-1.182267,-0.917325,-2.224493,-1.959550,-1.694608
12.992768,-1.450779,-1.185469,-0.920159,-2.228062,-1.962752,-1.697442
12.997754,-1.454354,-1.188675,-0.922996,-2.231638,-1.965959,-1.700280
13.002740,-1.457937,-1.191887,-0.925837,-2.235220,-1.969170,-1.703120
13.007727,-1.461526,-1.195103,-0.928680,-2.238809,-1.972386,-1.705964
13.012713,-1.465120,-1.198323,-0.931526,-2.242404,-1.975607,-1.708810
13.017699,-1.468721,-1.201548,-0.934376,-2.246005,-1.978832,-1.711659
13.022686,-1.472328,-1.204778,-0.937228,-2.249612,-1.982061,-1.714511
13.027672,-1.475941,-1.208012,-0.940082,-2.253224,-1.985295,-1.717366
13.032658,-1.479559,-1.211250,-0.942940,-2.256843,-1.988533,-1.720223
13.037644,-1.483183,-1.214492,-0.945800,-2.260467,-1.991775,-1.723083
13.042631,-1.486813,-1.217738,-0.948662,-2.264097,-1.995021,-1.725946
13.047617,-1.490448,-1.220988,-0.951527,-2.267732,-1.998271,-1.728811
13.052603,-1.494088,-1.224242,-0.954395,-2.271372,-2.001525,-1.731678
13.057590,-1.497734,-1.227499,-0.957265,-2.275017,-2.004783,-1.734548
13.062576,-1.501385,-1.230761,-0.960137,-2.278668,-2.008044,-1.737420
13.067562,-1.505040,-1.234026,-0.963011,-2.282324,-2.011309,-1.740295
13.072549,-1.508701,-1.237294,-0.965888,-2.285984,-2.014578,-1.743171
13.077535,-1.512366,-1.240566,-0.968766,-2.289649,-2.017850,-1.746050
13.082521,-1.516036,-1.243841,-0.971647,-2.293319,-2.021125,-1.748930
13.087507,-1.519710,-1.247120,-0.974529,-2.296994,-2.024403,-1.751813
13.092494,-1.523389,-1.250401,-0.977414,-2.300672,-2.027685,-1.754698
13.097480,-1.527072,-1.253686,-0.980300,-2.304356,-2.030970,-1.757584
13.102466,-1.530759,-1.256974,-0.983189,-2.308043,-2.034257,-1.760472
13.107453,-1.534451,-1.260265,-0.986078,-2.311734,-2.037548,-1.763362
13.112439,-1.538146,-1.263558,-0.988970,-2.315430,-2.040842,-1.766254
13.117425,-1.541845,-1.266854,-0.991863,-2.319129,-2.044138,-1.769147
13.122412,-1.545549,-1.270153,-0.994758,-2.322832,-2.047437,-1.772041
13.127398,-1.549268,-1.273464,-0.997660,-2.326552,-2.050748,-1.774943
13.132384,-1.553006,-1.276788,-1.000569,-2.330290,-2.054071,-1.777853
13.137370,-1.556758,-1.280121,-1.003484,-2.334042,-2.057405,-1.780768
13.142357,-1.560519,-1.283461,-1.006403,-2.337802,-2.060744,-1.783687
13.147343,-1.564283,-1.286803,-1.009324,-2.341567,-2.064087,-1.786607
13.152329,-1.568047,-1.290145,-1.012243,-2.345331,-2.067429,-1.789527
13.157316,-1.571811,-1.293487,-1.015163,-2.349095,-2.070770,-1.792446
13.162302,-1.575582,-1.296833,-1.018084,-2.352866,-2.074117,-1.795368
13.167288,-1.579356,-1.300182,-1.021007,-2.356640,-2.077465,-1.798291
13.172275,-1.583134,-1.303533,-1.023931,-2.360417,-2.080816,-1.801215
13.177261,-1.586918,-1.306887,-1.026857,-2.364201,-2.084171,-1.804141
13.182247,-1.590705,-1.310245,-1.029784,-2.367989,-2.087528,-1.807068
13.187233,-1.594496,-1.313604,-1.032712,-2.371780,-2.090888,-1.809995
13.192220,-1.598290,-1.316965,-1.035641,-2.375573,-2.094249,-1.812924
13.197206,-1.602086,-1.320328,-1.038570,-2.379370,-2.097611,-1.815853
13.202192,-1.605885,-1.323692,-1.041500,-2.383168,-2.100976,-1.818783
13.207179,-1.609685,-1.327058,-1.044430,-2.386969,-2.104341,-1.821714
13.212165,-1.613491,-1.330426,-1.047361,-2.390774,-2.107710,-1.824645
13.217151,-1.617300,-1.333797,-1.050294,-2.394584,-2.111081,-1.827577
13.222137,-1.621112,-1.337169,-1.053226,-2.398396,-2.114453,-1.830510
13.227124,-1.624926,-1.340543,-1.056159,-2.402210,-2.117826,-1.833443
13.232110,-1.628743,-1.343917,-1.059092,-2.406026,-2.121201,-1.836376
13.237096,-1.632562,-1.347294,-1.062026,-2.409845,-2.124577,-1.839309
13.242083,-1.636382,-1.350671,-1.064959,-2.413666,-2.127954,-1.842242
13.247069,-1.640205,-1.354049,-1.067892,-2.417489,-2.131332,-1.845176
13.252055,-1.644030,-1.357428,-1.070826,-2.421314,-2.134711,-1.848109
13.257042,-1.647857,-1.360808,-1.073759,-2.425140,-2.138091,-1.851042
13.262028,-1.651685,-1.364188,-1.076692,-2.428968,-2.141472,-1.853975
13.267014,-1.655514,-1.367569,-1.079624,-2.432798,-2.144853,-1.856908
13.272000,-1.659345,-1.370951,-1.082556,-2.436629,-2.148234,-1.859840
13.276987,-1.663177,-1.374332,-1.085487,-2.440461,-2.151616,-1.862771
13.281973,-1.667011,-1.377714,-1.088418,-2.444294,-2.154998,-1.865702
13.286959,-1.670845,-1.381097,-1.091349,-2.448128,-2.158380,-1.868632
13.291946,-1.674679,-1.384479,-1.094278,-2.451963,-2.161762,-1.871562
13.296932,-1.678514,-1.387861,-1.097207,-2.455798,-2.165144,-1.874490
13.301918,-1.682349,-1.391242,-1.100134,-2.459633,-2.168525,-1.877418
13.306905,-1.686184,-1.394622,-1.103060,-2.463468,-2.171906,-1.880344
13.311891,-1.690020,-1.398002,-1.105985,-2.467303,-2.175286,-1.883269
13.316877,-1.693856,-1.401382,-1.108909,-2.471139,-2.178666,-1.886192
13.321863,-1.697692,-1.404762,-1.111831,-2.474975,-2.182045,-1.889115
13.326850,-1.701528,-1.408140,-1.114753,-2.478811,-2.185424,-1.892036
13.331836,-1.705363,-1.411518,-1.117673,-2.482647,-2.188802,-1.894957
13.336822,-1.709198,-1.414895,-1.120592,-2.486482,-2.192179,-1.897876
13.341809,-1.713032,-1.418270,-1.123509,-2.490316,-2.195554,-1.900792
13.346795,-1.716865,-1.421644,-1.126423,-2.494149,-2.198928,-1.903707
13.351781,-1.720697,-1.425017,-1.129336,-2.497981,-2.202300,-1.906620
13.356768,-1.724528,-1.428388,-1.132247,-2.501812,-2.205671,-1.909530
13.361754,-1.728358,-1.431757,-1.135156,-2.505642,-2.209041,-1.912439
13.366740,-1.732187,-1.435125,-1.138063,-2.509470,-2.212408,-1.915346
13.371726,-1.736013,-1.438490,-1.140967,-2.513297,-2.215774,-1.918251
13.376713,-1.739839,-1.441854,-1.143869,-2.517122,-2.219138,-1.921153
13.381699,-1.743662,-1.445216,-1.146769,-2.520945,-2.222499,-1.924053
13.386685,-1.747483,-1.448575,-1.149667,-2.524767,-2.225858,-1.926950
13.391672,-1.751303,-1.451932,-1.152561,-2.528586,-2.229216,-1.929845
13.396658,-1.755120,-1.455287,-1.155454,-2.532403,-2.232570,-1.932737
13.401644,-1.758934,-1.458638,-1.158343,-2.536217,-2.235922,-1.935626
13.406631,-1.762745,-1.461987,-1.161228,-2.540029,-2.239270,-1.938512
13.411617,-1.766555,-1.465333,-1.164112,-2.543838,-2.242617,-1.941395
13.416603,-1.770362,-1.468677,-1.166993,-2.547645,-2.245961,-1.944276
13.421589,-1.774166,-1.472019,-1.169871,-2.551450,-2.249302,-1.947155
13.426576,-1.777967,-1.475357,-1.172746,-2.555251,-2.252640,-1.950030
13.431562,-1.781764,-1.478691,-1.175617,-2.559048,-2.255974,-1.952900
13.436548,-1.785557,-1.482020,-1.178483,-2.562841,-2.259304,-1.955767
13.441535,-1.789347,-1.485347,-1.181347,-2.566631,-2.262631,-1.958631
13.446521,-1.793134,-1.488671,-1.184208,-2.570418,-2.265955,-1.961492
13.451507,-1.796918,-1.491992,-1.187066,-2.574202,-2.269275,-1.964349
13.456494,-1.800698,-1.495309,-1.189920,-2.577981,-2.272592,-1.967203
13.461480,-1.804473,-1.498621,-1.192769,-2.581756,-2.275905,-1.970053
13.466466,-1.808243,-1.501929,-1.195615,-2.585527,-2.279213,-1.972898
13.471452,-1.812010,-1.505233,-1.198456,-2.589293,-2.282517,-1.975740
13.476439,-1.815772,-1.508533,-1.201294,-2.593055,-2.285816,-1.978577
13.481425,-1.819529,-1.511828,-1.204127,-2.596812,-2.289112,-1.981411
13.486411,-1.823281,-1.515119,-1.206957,-2.600565,-2.292402,-1.984240
13.491398,-1.827029,-1.518405,-1.209781,-2.604312,-2.295689,-1.987065
13.496384,-1.830771,-1.521687,-1.212602,-2.608055,-2.298970,-1.989885
13.501370,-1.834509,-1.524963,-1.215418,-2.611792,-2.302247,-1.992701
13.506356,-1.838241,-1.528235,-1.218229,-2.615524,-2.305518,-1.995512
13.511343,-1.841967,-1.531501,-1.221035,-2.619251,-2.308785,-1.998319
13.516329,-1.845688,-1.534763,-1.223837,-2.622971,-2.312046,-2.001121
13.521315,-1.849404,-1.538020,-1.226635,-2.626688,-2.315303,-2.003919
13.526302,-1.853115,-1.541272,-1.229428,-2.630398,-2.318555,-2.006712
13.531288,-1.856810,-1.544509,-1.232209,-2.634093,-2.321793,-2.009492
13.536274,-1.860499,-1.547741,-1.234984,-2.637782,-2.325025,-2.012268
13.541261,-1.864183,-1.550969,-1.237756,-2.641467,-2.328253,-2.015039
13.546247,-1.867863,-1.554193,-1.240524,-2.645146,-2.331477,-2.017807
13.551233,-1.871538,-1.557413,-1.243287,-2.648821,-2.334696,-2.020571
13.556219,-1.875208,-1.560628,-1.246047,-2.652492,-2.337911,-2.023331
13.561206,-1.878873,-1.563838,-1.248803,-2.656157,-2.341122,-2.026087
13.566192,-1.882533,-1.567044,-1.251555,-2.659816,-2.344327,-2.028838
13.571178,-1.886187,-1.570245,-1.254302,-2.663471,-2.347528,-2.031586
13.576165,-1.889836,-1.573441,-1.257045,-2.667120,-2.350724,-2.034329
13.581151,-1.893479,-1.576631,-1.259783,-2.670763,-2.353915,-2.037067
13.586137,-1.897111,-1.579812,-1.262513,-2.674395,-2.357096,-2.039797
13.591124,-1.900728,-1.582979,-1.265230,-2.678012,-2.360263,-2.042514
13.596110,-1.904339,-1.586141,-1.267943,-2.681623,-2.363425,-2.045227
13.601096,-1.907942,-1.589296,-1.270650,-2.685226,-2.366580,-2.047934
13.606082,-1.911538,-1.592444,-1.273351,-2.688821,-2.369728,-2.050634
13.611069,-1.915125,-1.595585,-1.276045,-2.692408,-2.372868,-2.053328
13.616055,-1.918703,-1.598718,-1.278732,-2.695987,-2.376001,-2.056016
13.621041,-1.922273,-1.601843,-1.281413,-2.699556,-2.379127,-2.058697
13.626028,-1.925834,-1.604961,-1.284088,-2.703118,-2.382244,-2.061371
13.631014,-1.929386,-1.608071,-1.286755,-2.706670,-2.385354,-2.064038
13.636000,-1.932929,-1.611172,-1.289415,-2.710213,-2.388456,-2.066699
13.640987,-1.936463,-1.614266,-1.292069,-2.713747,-2.391550,-2.069352
13.645973,-1.939988,-1.617352,-1.294715,-2.717272,-2.394635,-2.071999
13.650959,-1.943503,-1.620429,-1.297354,-2.720787,-2.397712,-2.074638
13.655945,-1.947009,-1.623498,-1.299986,-2.724293,-2.400781,-2.077270
13.660932,-1.950505,-1.626558,-1.302611,-2.727789,-2.403842,-2.079895
13.665918,-1.953991,-1.629610,-1.305228,-2.731275,-2.406893,-2.082512
13.670904,-1.957467,-1.632653,-1.307838,-2.734751,-2.409936,-2.085121
13.675891,-1.960933,-1.635687,-1.310440,-2.738217,-2.412970,-2.087723
13.680877,-1.964389,-1.638712,-1.313034,-2.741672,-2.415995,-2.090318
13.685863,-1.967834,-1.641727,-1.315621,-2.745118,-2.419011,-2.092904
13.690850,-1.971269,-1.644734,-1.318199,-2.748552,-2.422018,-2.095483
13.695836,-1.974694,-1.647733,-1.320771,-2.751978,-2.425016,-2.098055
13.700822,-1.978105,-1.650719,-1.323332,-2.755389,-2.428002,-2.100616
13.705808,-1.981504,-1.653694,-1.325885,-2.758788,-2.430978,-2.103168
13.710795,-1.984894,-1.656662,-1.328430,-2.762178,-2.433946,-2.105714
13.715781,-1.988275,-1.659622,-1.330969,-2.765559,-2.436906,-2.108252
13.720767,-1.991646,-1.662573,-1.333501,-2.768930,-2.439857,-2.110784
13.725754,-1.995004,-1.665514,-1.336023,-2.772288,-2.442797,-2.113306
13.730740,-1.998348,-1.668441,-1.338534,-2.775632,-2.445725,-2.115818
13.735726,-2.001681,-1.671360,-1.341038,-2.778965,-2.448643,-2.118322
13.740712,-2.005002,-1.674268,-1.343533,-2.782286,-2.451551,-2.120817
13.745699,-2.008311,-1.677165,-1.346019,-2.785595,-2.454449,-2.123303
13.750685,-2.011608,-1.680052,-1.348496,-2.788892,-2.457336,-2.125780
13.755671,-2.014892,-1.682928,-1.350965,-2.792176,-2.460212,-2.128248
13.760658,-2.018164,-1.685794,-1.353424,-2.795448,-2.463077,-2.130707
13.765644,-2.021424,-1.688649,-1.355874,-2.798707,-2.465932,-2.133157
13.770630,-2.024675,-1.691497,-1.358318,-2.801959,-2.468780,-2.135602
13.775617,-2.027900,-1.694322,-1.360743,-2.805183,-2.471605,-2.138027
13.780603,-2.031105,-1.697129,-1.363154,-2.808388,-2.474413,-2.140437
13.785589,-2.034303,-1.699931,-1.365560,-2.811586,-2.477215,-2.142843
13.790575,-2.037494,-1.702727,-1.367960,-2.814777,-2.480011,-2.145244
13.795562,-2.040675,-1.705515,-1.370354,-2.817959,-2.482798,-2.147638
13.800548,-2.043846,-1.708293,-1.372740,-2.821130,-2.485577,-2.150024
13.805534,-2.047005,-1.711062,-1.375118,-2.824289,-2.488345,-2.152402
13.810521,-2.050151,-1.713818,-1.377486,-2.827434,-2.491102,-2.154770
13.815507,-2.053281,-1.716562,-1.379843,-2.830565,-2.493846,-2.157127
13.820493,-2.056395,-1.719292,-1.382189,-2.833679,-2.496576,-2.159473
13.825480,-2.059492,-1.722007,-1.384522,-2.836775,-2.499291,-2.161806
13.830466,-2.062569,-1.724705,-1.386842,-2.839852,-2.501989,-2.164125
13.835452,-2.065629,-1.727389,-1.389149,-2.842913,-2.504673,-2.166433
13.840438,-2.068673,-1.730059,-1.391445,-2.845957,-2.507343,-2.168729
13.845425,-2.071703,-1.732717,-1.393731,-2.848986,-2.510000,-2.171014
13.850411,-2.074718,-1.735362,-1.396006,-2.852001,-2.512645,-2.173289
13.855397,-2.077719,-1.737995,-1.398271,-2.855002,-2.515278,-2.175554
13.860384,-2.080707,-1.740617,-1.400527,-2.857991,-2.517901,-2.177810
13.865370,-2.083683,-1.743229,-1.402774,-2.860967,-2.520512,-2.180058
13.870356,-2.086648,-1.745831,-1.405014,-2.863931,-2.523114,-2.182297
13.875343,-2.089601,-1.748423,-1.407245,-2.866885,-2.525707,-2.184529
13.880329,-2.092545,-1.751007,-1.409470,-2.869828,-2.528291,-2.186753
13.885315,-2.095471,-1.753576,-1.411682,-2.872754,-2.530860,-2.188966
13.890301,-2.098362,-1.756116,-1.413870,-2.875645,-2.533399,-2.191153
13.895288,-2.101239,-1.758643,-1.416048,-2.878523,-2.535927,-2.193331
13.900274,-2.104102,-1.761159,-1.418215,-2.881386,-2.538442,-2.195499
13.905260,-2.106948,-1.763660,-1.420371,-2.884232,-2.540943,-2.197655
13.910247,-2.109778,-1.766147,-1.422516,-2.887061,-2.543430,-2.199799
13.915233,-2.112590,-1.768619,-1.424648,-2.889874,-2.545903,-2.201932
13.920219,-2.115388,-1.771079,-1.426770,-2.892671,-2.548362,-2.204054
13.925206,-2.118164,-1.773520,-1.428877,-2.895447,-2.550804,-2.206161
13.930192,-2.120921,-1.775946,-1.430971,-2.898204,-2.553229,-2.208254
13.935178,-2.123665,-1.778360,-1.433055,-2.900948,-2.555644,-2.210339
13.940164,-2.126393,-1.780761,-1.435129,-2.903676,-2.558044,-2.212412
13.945151,-2.129102,-1.783146,-1.437189,-2.906385,-2.560429,-2.214473
13.950137,-2.131791,-1.785513,-1.439235,-2.909074,-2.562796,-2.216519
13.955123,-2.134461,-1.787864,-1.441268,-2.911744,-2.565148,-2.218552
13.960110,-2.137113,-1.790201,-1.443289,-2.914397,-2.567485,-2.220573
13.965096,-2.139750,-1.792525,-1.445299,-2.917034,-2.569808,-2.222583
13.970082,-2.142372,-1.794835,-1.447299,-2.919656,-2.572119,-2.224582
13.975069,-2.144972,-1.797127,-1.449283,-2.922255,-2.574411,-2.226566
13.980055,-2.147546,-1.799398,-1.451249,-2.924829,-2.576681,-2.228533
13.985041,-2.150104,-1.801654,-1.453204,-2.927387,-2.578938,-2.230488
13.990027,-2.152646,-1.803897,-1.455149,-2.929930,-2.581181,-2.232432
13.995014,-2.155171,-1.806126,-1.457081,-2.932454,-2.583409,-2.234365
14.000000,-2.157675,-1.808338,-1.459000,-2.934959,-2.585621,-2.236283
